security_id,ticker,name,sector,industry,rank,percentile,side,weight,composite,momentum_score,ml_value_score,momentum_raw,ml_value_raw,n_signals,price,market_cap,P/E,P/B,EV/EBIT,RoE,Debt/Equity,fundamentals_date,fundamentals_age_days,value_ref,flags
518,SNDK.OQ,SNDK.OQ,,,1,1.0,LONG,0.02,6.399707174099741,19.311526316927278,0.8660703986022258,26.997925789352383,0.18562705883217853,2,1566.7,229394648866.7,,,,-0.17805989583333334,0.2006293402777778,2025-06-27,430,,stale fundamentals (430d)
408,MU.OQ,MU.OQ,,,2,0.998,LONG,0.02,2.59460268144222,4.264285749223794,1.8790242238215458,6.172999825692871,0.3143186679351626,2,958.73,1082783095658.23,,,,0.1576479276285424,0.26912212683467185,2025-08-28,368,,stale fundamentals (368d)
305,INTC.OQ,INTC.OQ,,,3,0.996,LONG,0.02,1.9935746210818328,2.2856383134420613,1.8684044672131634,3.434611602753196,0.31296947162217287,2,89.51,473066571929.61005,,,,-0.002336346374287939,0.4076355649670549,2025-12-27,247,,stale fundamentals (247d)
353,LITE.OQ,LITE.OQ,,,4,0.994,LONG,0.02,1.987667909982052,3.777444471262216,1.2206208122905533,5.499226217569413,0.2306712277860797,2,914.76,82053972000.0,,,,0.02282541640962369,2.267735965453424,2025-06-28,429,,stale fundamentals (429d)
112,CIEN.N,CIEN.N,,,5,0.992,LONG,0.02,1.8922135545338525,2.0124172985914637,1.8406976642234483,3.056481979558902,0.3094494364822949,2,382.8,54284303370.0,,,,0.04518996102696529,0.5785617898651058,2025-11-01,303,,stale fundamentals (303d)
163,DELL.N,DELL.N,,,6,0.99,LONG,0.02,1.7768688555468986,1.2747479216449031,1.9920635415048968,2.035569866706605,0.3286798474108649,2,456.01,294647408592.27997,,,,-2.403238866396761,-12.75425101214575,2026-01-30,213,,stale fundamentals (213d)
593,VRSN.OQ,VRSN.OQ,,,7,0.988,LONG,0.02,1.715521212952852,-0.13371584652795543,2.5080513813017697,0.08629859914600324,0.39423397606688243,2,288.28,26031683999.999996,27.040214363570303,-10.364453161266363,21.512314897413024,-0.38329774394206667,-0.8300993408225792,2025-12-31,243,-0.45403189563410007,stale fundamentals (243d)
499,ROST.OQ,ROST.OQ,,,8,0.986,LONG,0.02,1.6741106902736667,0.3913989462149746,2.2238442948702493,0.813041594454073,0.35812663695552244,2,228.54,73007813759.4,,,,0.34667697140805986,0.24527191604027707,2026-01-31,212,,stale fundamentals (212d)
360,LRCX.OQ,LRCX.OQ,,,9,0.984,LONG,0.02,1.666734527196501,1.2180558099059506,1.8590254060353086,1.9571096982541123,0.31177790055071547,2,301.49,377260768290.0,,,,0.5433405001754783,0.45474328302482586,2025-06-29,428,,stale fundamentals (428d)
94,CASY.OQ,CASY.OQ,,,10,0.982,LONG,0.02,1.6457333574830204,0.2798552523057611,2.2311096882732744,0.6586684948202315,0.3590496752466302,2,752.21,27835466359.940002,,,,0.18079423157365188,0.6153256342366449,2026-04-30,123,,
130,COST.OQ,COST.OQ,,,11,0.98,LONG,0.02,1.6259229834960935,-0.17707890969713996,2.398638080578908,0.026285430884842143,0.38033346710316424,2,943.89,418595208307.56,,,,0.27770539020710466,0.24917706761761074,2025-08-31,365,,stale fundamentals (365d)
35,AMD.OQ,AMD.OQ,,,12,0.978,LONG,0.02,1.5981615940955463,0.9979561817740171,1.8553924850904873,1.652498468051919,0.3113163529159733,2,470.72,768438651770.24,,,,0.06881061604152458,0.051143668947126235,2025-12-27,247,,stale fundamentals (247d)
178,DPZ.OQ,DPZ.OQ,,,13,0.976,LONG,0.02,1.5595328870747502,-0.39053551946862847,2.3952764898790555,-0.269132062770836,0.3799063908578912,2,342.06,11315938274.1,,,,-0.15423791289832567,-1.2347189617809349,2025-12-28,246,,stale fundamentals (246d)
68,BBY.N,BBY.N,,,14,0.974,LONG,0.02,1.5477335532713428,0.02874645410766037,2.1987280243414924,0.311141510867913,0.35493571828920345,2,80.15,16892985148.900002,,,,0.3606612685560054,0.3967611336032389,2026-01-31,212,,stale fundamentals (212d)
545,TGT.N,TGT.N,,,15,0.972,LONG,0.02,1.546707704560377,0.09361049529766484,2.169463651387254,0.4009113825867754,0.3512178003040915,2,160.88,73087258887.68,,,,0.2291988864831426,1.03210640272193,2026-01-31,212,,stale fundamentals (212d)
286,HPE.N,HPE.N,,,16,0.97,LONG,0.02,1.5200103438160955,0.7381706449929266,1.8550845004545964,1.2929631402584967,0.3112772247371906,2,52.24,69346760054.96,,,,0.002308813998703824,0.9059057031756319,2025-10-31,304,,stale fundamentals (304d)
33,AMAT.OQ,AMAT.OQ,,,17,0.968,LONG,0.02,1.5155304983252122,1.0182274970917844,1.7286603559966816,1.6805533555097947,0.2952155581787623,2,458.39,363777131896.77,,,,0.34278716629928974,0.32108743570903747,2025-10-26,309,,stale fundamentals (309d)
400,MRVL.OQ,MRVL.OQ,,,18,0.966,LONG,0.02,1.5129686175157198,0.739348033763886,1.8445202962665057,1.2945926107169075,0.30993508613026693,2,211.66,185604654000.0,,,,0.1866106622683179,0.31244583601241227,2026-01-31,212,,stale fundamentals (212d)
428,NVDA.OQ,NVDA.OQ,,,19,0.964,LONG,0.02,1.5078225182146265,-0.10949518161507699,2.2009586752845,0.11981926702738877,0.3552191132989814,2,220.78,5320798000000.0,,,,0.7633333969089583,0.05383583503398151,2026-01-25,218,,stale fundamentals (218d)
547,TJX.N,TJX.N,,,20,0.962,LONG,0.02,1.507602710703887,-0.014986800921188835,2.1601410728289197,0.2506160082664335,0.35003340511667885,2,133.91,147297526508.51,,,,0.5391560353287537,0.2815505397448479,2026-01-31,212,,stale fundamentals (212d)
267,GRMN.N,GRMN.N,,,21,0.96,LONG,0.02,1.484110161675187,0.039757469690448875,2.103118458240075,0.3263804234954173,0.3427889169238347,2,284.11,54791334002.96,,,,0.18544164187627973,0.0,2025-12-27,247,,stale fundamentals (247d)
320,JBL.N,JBL.N,,,22,0.958,LONG,0.02,1.4739023303428715,0.08676735653298027,2.068388747689968,0.3914406854518153,0.3383766503198693,2,305.26,31987306788.14,,,,0.43423661599471247,2.1480502313284866,2025-08-31,365,,stale fundamentals (365d)
615,WMT.OQ,WMT.OQ,,,23,0.956,LONG,0.02,1.47062994200923,-0.09530286047782746,2.141744000217969,0.13946101034942093,0.34769613285594664,2,104.87,832011968293.67,,,,0.21977172570946726,0.5172109178152323,2026-01-31,212,,stale fundamentals (212d)
446,PANW.OQ,PANW.OQ,,,24,0.954,LONG,0.02,1.462999848358567,0.39135550884407244,1.9222759938647787,0.8129814784461562,0.3198136270782516,2,382.13,312582340000.0,,,,0.14491846020142118,0.0,2025-07-31,396,,stale fundamentals (396d)
235,FITB.N,FITB.N,,,25,0.952,LONG,0.02,1.461079726323399,0.04831828122497759,2.0665489170798654,0.3382283278067266,0.33814290742281305,2,53.77,48763613166.28001,,,,0.11609280058921548,0.5841925980482686,2025-12-31,243,,stale fundamentals (243d)
618,WSM.N,WSM.N,,,26,0.95,LONG,0.02,1.4380016895380168,-0.051468843519150445,2.0763462037053744,0.20012596441505281,0.33938761231388437,2,228.25,26883096237.25,,,,0.5226440163279887,0.0,2026-02-01,211,,stale fundamentals (211d)
174,DLTR.OQ,DLTR.OQ,,,27,0.948,LONG,0.02,1.4200822458088047,-0.11340307344330282,2.0772902397739936,0.11441086289969338,0.33950754820602197,2,126.59,23752119550.41,,,,0.3415537031612027,0.6476071266877946,2026-01-31,212,,stale fundamentals (212d)
348,LEN.N,LEN.N,,,28,0.946,LONG,0.02,1.4112534309822027,-0.38910564139830967,2.182835890573851,-0.2671531547566077,0.35291668818563987,2,84.11,17705659912.329998,,,,0.09463725744631563,0.26753875114261916,2025-11-30,274,,stale fundamentals (274d)
331,KEYS.N,KEYS.N,,,29,0.944,LONG,0.02,1.4050164536138636,0.45740122329198274,1.8111372666089556,0.9043867502238137,0.3056939097840178,2,322.7,54937979211.5,,,,0.14453324264580852,0.4308791021935045,2025-10-31,304,,stale fundamentals (304d)
341,KR.N,KR.N,,,30,0.942,LONG,0.02,1.3991818215835372,-0.31660247650146545,2.1345179493342528,-0.16681096681096674,0.3467780928697863,2,57.54,34293840000.0,,,,0.1714189303188797,2.9637253247848827,2026-01-31,212,,stale fundamentals (212d)
141,CSCO.OQ,CSCO.OQ,,,31,0.94,LONG,0.02,1.3982797390938786,0.3088995211253514,1.8651569753661046,0.6988648846576344,0.31255689116594493,2,110.49,435616423597.76996,,,,0.21732169160813783,0.599726746792477,2025-07-26,401,,stale fundamentals (401d)
227,FDX.N,FDX.N,,,32,0.938,LONG,0.02,1.3959741298955441,0.31352492189624526,1.8598809333238153,0.7052662994667298,0.31188659176708516,2,327.4,77485900419.0,,,,0.14007646854362182,0.8125256738395424,2026-05-31,92,,
425,NTAP.OQ,NTAP.OQ,,,33,0.936,LONG,0.02,1.3909463798043067,0.31323933813180854,1.8528208262353776,0.7048710601719197,0.31098963425625914,2,185.29,36394477436.45,,,,0.9444855662472242,1.840858623242043,2026-04-24,129,,
559,TSN.N,TSN.N,,,34,0.934,LONG,0.02,1.384215802517532,-0.12725653193127998,2.0319896601384513,0.09523809523809512,0.3337522962473914,2,55.14,19398335371.68,,,,0.02620956593862317,0.48824993088194635,2025-09-27,338,,stale fundamentals (338d)
445,P.N,P.N,,,35,0.932,LONG,0.02,1.3739356179623339,0.022782118320221333,1.9530014035232393,0.30288705048117515,0.32371716375569054,2,92.95,30973472980.45,,,,0.13016889078266933,0.0020011510249932905,2026-02-01,211,,stale fundamentals (211d)
552,TPR.N,TPR.N,,,36,0.93,LONG,0.02,1.3667725239258401,0.09889538368627981,1.910148441171366,0.4082255083179298,0.31827287148629896,2,123.39,24602939148.420002,,,,0.21356959664257402,2.7915598041501517,2025-06-28,429,,stale fundamentals (429d)
12,ADI.OQ,ADI.OQ,,,37,0.928,LONG,0.02,1.3643093761738994,0.2300665604738558,1.8504134400453465,0.5897624507810133,0.31068378576167416,2,362.14,175480537495.1,,,,0.06704987068897324,0.25407402555406494,2025-11-01,303,,stale fundamentals (303d)
180,DRI.N,DRI.N,,,38,0.926,LONG,0.02,1.3626228740553512,-0.19472044551375542,2.0300557252992544,0.0018700787401575436,0.33350659779583297,2,214.26,24327456640.559998,,,,0.5466364665911665,1.844484711211778,2026-05-31,92,,
4,AAPL.OQ,AAPL.OQ,,,39,0.924,LONG,0.02,1.3623709153039683,0.14908380394291923,1.882351105887275,0.47768476441042806,0.3147413345915049,2,316.85,4624165933000.0,,,,1.5191298333175105,1.3547122726594605,2025-09-27,338,,stale fundamentals (338d)
573,ULTA.OQ,ULTA.OQ,,,40,0.922,LONG,0.02,1.3622683050678472,-0.2024953047920793,2.0328812807221017,-0.00889009141333108,0.3338655729681683,2,537.1,22965037674.100002,,,,0.41144967399109167,0.022217973490530063,2026-01-31,212,,stale fundamentals (212d)
165,DG.N,DG.N,,,41,0.92,LONG,0.02,1.3598973640340892,-0.04880764523323474,1.9636280822915138,0.20380898237635003,0.3250672395005683,2,126.75,27963178132.5,,,,0.17766890876627503,0.5380994417033347,2026-01-30,213,,stale fundamentals (213d)
532,SWK.N,SWK.N,,,42,0.918,LONG,0.02,1.3597285442220035,0.0897747117137167,1.903994472439841,0.39560277408882993,0.317491035119515,2,96.37,14553473693.17,,,,0.04438627879751728,0.6475934883926402,2026-01-03,240,,stale fundamentals (240d)
290,HSIC.OQ,HSIC.OQ,,,43,0.916,LONG,0.02,1.3585297751361949,-0.028153014920367585,1.9528223994461504,0.23239436619718323,0.3236944220253737,2,89.8,10007899471.6,,,,0.1226502311248074,0.9574730354391371,2025-12-27,247,,stale fundamentals (247d)
565,TXT.N,TXT.N,,,44,0.914,LONG,0.02,1.352596983818429,-0.12932407249470548,1.9877060079526296,0.09237668161434986,0.32812624073048136,2,80.56,13855266033.52,,,,0.11695238095238095,0.49244444444444446,2026-01-03,240,,stale fundamentals (240d)
161,DE.N,DE.N,,,45,0.912,LONG,0.02,1.3497567883865051,-0.07542464256977953,1.9605488302249132,0.16697186287829546,0.32467603321513006,2,654.91,176580378572.91998,,,,0.19371868978805395,2.463815028901734,2025-11-02,302,,stale fundamentals (302d)
517,SNA.N,SNA.N,,,46,0.91,LONG,0.02,1.3370879060674128,0.0015463418676036316,1.9094628621530454,0.2734973779749901,0.31818577149729815,2,386.31,19982705272.44,,,,0.1714319430864156,0.20297380221855085,2026-01-03,240,,stale fundamentals (240d)
503,RVTY.N,RVTY.N,,,47,0.908,LONG,0.02,1.3351220182536088,-0.0237232396151948,1.9174842716259533,0.23852504127683005,0.319204858514536,2,128.67,14357822216.669998,,,,0.03326745154723352,0.44412470553186323,2025-12-28,246,,stale fundamentals (246d)
536,SYY.N,SYY.N,,,48,0.906,LONG,0.02,1.332625358750179,-0.14980120514260084,1.9679510289899422,0.06403694919485692,0.3256164520637044,2,81.08,38845104977.28,,,,0.9989071038251366,7.272677595628415,2025-06-28,429,,stale fundamentals (429d)
57,AVGO.OQ,AVGO.OQ,,,49,0.904,LONG,0.02,1.3236535598842012,0.01084449387864157,1.8862860167437268,0.28636573921089137,0.31524124880001675,2,370.34,1767866084204.0999,,,,0.2844806377011303,0.8012596565467796,2025-11-02,302,,stale fundamentals (302d)
135,CPRT.OQ,CPRT.OQ,,,50,0.902,LONG,0.02,1.3230854002660384,-0.463986874255492,2.088973517918123,-0.3707865168539326,0.34099186054734726,2,32.99,30542520791.18,,,,0.16898263019192378,0.0002944367349066886,2025-07-31,396,,stale fundamentals (396d)
287,HPQ.N,HPQ.N,,,51,0.9,,0.0,1.3228274461678946,-0.13360342779954235,1.9470121064396533,0.0864541832669321,0.322956248243164,2,30.02,27071764889.38,,,,-7.309248554913295,-27.936416184971097,2025-10-31,304,,stale fundamentals (304d)
1,A.N,A.N,,,52,0.898,,0.0,1.3016254985317308,-0.07169725599163608,1.8901923933274598,0.17213045319779763,0.31573753784676967,2,153.56,43292994820.24,,,,0.19329476338822132,0.4975522919448153,2025-10-31,304,,stale fundamentals (304d)
323,JNJ.N,JNJ.N,,,53,0.896,,0.0,1.2976544951406186,0.18879494877395497,1.7728800150120458,0.5326437881143133,0.3008334836270821,2,265.85,640671542012.4501,,,,0.3287059746885117,0.5878176199352497,2025-12-28,246,,stale fundamentals (246d)
100,CCL.N,CCL.N,,,54,0.894,,0.0,1.2970770192753236,-0.25192977668900907,1.9609370746886092,-0.07730590577305907,0.324725358074284,2,23.89,32720917452.91,,,,0.22468251383914034,2.1686746987951806,2025-11-30,274,,stale fundamentals (274d)
271,HAS.OQ,HAS.OQ,,,55,0.892,,0.0,1.2893340999108829,-0.025509701836999858,1.8528385863742614,0.2360526315789473,0.3109918906087146,2,94.1,13272284344.699999,,,,-0.5987000928505106,6.062952646239554,2025-12-28,246,,stale fundamentals (246d)
413,NDSN.OQ,NDSN.OQ,,,56,0.89,,0.0,1.289145240673639,0.07860527045547151,1.8079480850528535,0.38014460511679626,0.3052887374099587,2,321.72,17919600029.52,,,,0.15917946386005125,0.6605743713552271,2025-10-31,304,,stale fundamentals (304d)
494,RL.N,RL.N,,,57,0.888,,0.0,1.282237812852042,-0.01226842831744998,1.8370262019246815,0.2543781537548233,0.3089829923273632,2,346.9,20669078709.1,,,,0.3312099669177166,0.518019286267333,2026-03-28,156,,
506,SBUX.OQ,SBUX.OQ,,,58,0.886,,0.0,1.2808367509967868,-0.09878014377255563,1.8721011344693623,0.1346485554118153,0.31343911796307644,2,106.25,121125000000.0,,,,-0.22928142677173136,-1.9853765778227899,2025-09-28,337,,stale fundamentals (337d)
10,ACN.N,ACN.N,,,59,0.884,,0.0,1.2676430484503958,-0.4810869862100585,2.0170987775905904,-0.39445255474452556,0.3318604709851364,2,189.76,116122134603.84,,,,0.24613954870207658,0.1650450197121721,2025-08-31,365,,stale fundamentals (365d)
441,ORCL.N,ORCL.N,,,60,0.882,,0.0,1.2643806078087079,-0.5441745005064416,2.0394756542294865,-0.4817637669592977,0.3347033609468136,2,149.12,429535835520.0,,,,0.4019713936200245,3.228615789968947,2026-05-31,92,,
62,AZO.N,AZO.N,,,61,0.88,,0.0,1.2564345487075055,-0.35153308499682234,1.945563534580789,-0.21515387277491405,0.3227722131580719,2,2991.24,48377324520.0,,,,-0.7316982947960542,-2.6944556635551575,2025-08-30,366,,stale fundamentals (366d)
512,SJM.N,SJM.N,,,62,0.878,,0.0,1.2543904234654202,-0.12878295427482095,1.8471790139255237,0.09312557286892775,0.3102728652522476,2,131.16,14010928682.279999,,,,-0.02501894007720336,1.2579999278473248,2026-04-30,123,,
139,CRM.N,CRM.N,,,63,0.876,,0.0,1.2540783286200454,-0.4165148465460257,1.9700468322626474,-0.3050866659114081,0.32588271523267887,2,257.54,211955420000.00003,,,,0.12608636840147655,0.25318724425958294,2026-01-31,212,,stale fundamentals (212d)
275,HD.N,HD.N,,,64,0.874,,0.0,1.2497566562492761,-0.27398254760964,1.902787743617383,-0.10782627391958721,0.3173377251955612,2,327.83,327072590091.57996,,,,1.1048154218371966,4.352766721298681,2026-02-01,211,,stale fundamentals (211d)
138,CRL.N,CRL.N,,,65,0.872,,0.0,1.2485579432300569,0.03489789422246255,1.7686979642333116,0.3196549179862649,0.30030217130990994,2,288.24,13760252465.28,,,,-0.04560975532684706,0.676146658535121,2025-12-27,247,,stale fundamentals (247d)
539,TDY.N,TDY.N,,,66,0.87,,0.0,1.2482916440892453,-0.058302643190558286,1.8082606243520183,0.1906681923028024,0.30532844423994054,2,612.95,28413709765.350002,,,,0.0851063829787234,0.23544070230837272,2025-12-28,246,,stale fundamentals (246d)
484,QCOM.OQ,QCOM.OQ,,,67,0.868,,0.0,1.245904048117057,-0.24808540695934822,1.8861852431498023,-0.07198541430906569,0.31522844593019744,2,170.48,179004000000.0,,,,0.26129397340375365,0.6984344053569744,2025-09-28,337,,stale fundamentals (337d)
289,HRL.N,HRL.N,,,68,0.866,,0.0,1.2378146190379746,-0.27984666059993646,1.8882408817399365,-0.1159420289855072,0.3154896063417703,2,21.85,12025164980.0,,,,0.06052242129679259,0.3616456345521442,2025-10-26,309,,stale fundamentals (309d)
359,LOW.N,LOW.N,,,69,0.864,,0.0,1.2356465056950021,-0.2584056382292986,1.8759545673768454,-0.08626830233478433,0.31392868073394314,2,204.7,114847757689.29999,,,,-0.6709690430573763,-4.025511747504286,2026-01-30,213,,stale fundamentals (213d)
464,PLTR.OQ,PLTR.OQ,,,70,0.862,,0.0,1.2275902521023276,-0.3580222420649477,1.9071384638883027,-0.22413466994514852,0.31789046627662715,2,186.38,447882039502.39996,260.59604348311694,57.325275098926966,299.4856280375385,0.21997753431985953,0.0,2025-12-31,243,-1.1929177542816456,stale fundamentals (243d)
15,ADSK.OQ,ADSK.OQ,,,71,0.86,,0.0,1.2273511431629656,-0.36945399057156114,1.911696200477763,-0.23995586421756343,0.31846950792784773,2,258.53,54032769999.99999,,,,0.3691297208538588,0.8154351395730706,2026-01-31,212,,stale fundamentals (212d)
454,PEP.OQ,PEP.OQ,,,72,0.858,,0.0,1.2260110314301105,-0.2127624702857617,1.8426282464511987,-0.023099538009239917,0.3096947089983852,2,140.34,191548881249.72,,,,0.4038028030971283,2.410173478388709,2025-12-27,247,,stale fundamentals (247d)
344,KVUE.N,KVUE.N,,,73,0.856,,0.0,1.2253299030982507,-0.27739291947435885,1.8693539699150834,-0.11254612546125464,0.3130901020275433,2,18.88,36264203056.96,,,,0.13655364607524384,0.7918253599628425,2025-12-28,246,,stale fundamentals (246d)
144,CTAS.OQ,CTAS.OQ,,,74,0.854,,0.0,1.224797720951758,-0.2559800107953246,1.8594167488433648,-0.08291130730964014,0.31182761904175205,2,201.79,80618488412.93,,,,0.3868691110071745,0.5176665248508853,2025-05-31,457,,stale fundamentals (457d)
557,TSCO.OQ,TSCO.OQ,,,75,0.852,,0.0,1.2234663867535462,-0.5341738891579305,1.9767407907156076,-0.4679232232405326,0.32673315506826905,2,34.9,18184300781.3,,,,0.4246271151705754,0.6977596111716106,2025-12-27,247,,stale fundamentals (247d)
127,COO.OQ,COO.OQ,,,76,0.85,,0.0,1.2193211377799065,-0.19567182129100905,1.8257466916674416,0.0005534034311012181,0.3075499770321364,2,70.09,13669696856.7,,,,0.04550364733156125,0.30408185558751777,2025-10-31,304,,stale fundamentals (304d)
448,PAYX.OQ,PAYX.OQ,,,77,0.848,,0.0,1.2150103082949884,-0.3400288818970908,1.881455675520165,-0.19923240353642657,0.31462757385343953,2,127.34,45330553431.82,,,,0.47123236325667317,1.2198066986158336,2026-05-31,92,,
607,WDAY.OQ,WDAY.OQ,,,78,0.846,,0.0,1.2076089370788365,-0.43118917279527,1.9099509841677393,-0.32539548973409627,0.31824778538771015,2,197.45,47585450000.0,,,,0.08878923766816144,0.3827033952594491,2026-01-31,212,,stale fundamentals (212d)
361,LULU.OQ,LULU.OQ,,,79,0.844,,0.0,1.20618991727964,-0.5026352592172931,1.9385435643497542,-0.4242747130333704,0.3218803548695746,2,120.26,13313987606.5,,,,0.3182656030827274,0.0,2026-02-01,211,,stale fundamentals (211d)
530,STZ.N,STZ.N,,,80,0.842,,0.0,1.1991015115745567,-0.36982132807932616,1.8714970142833638,-0.24046424822115953,0.31336236698302966,2,130.62,22307079049.08,,,,0.2086880134613481,1.3075942789270514,2026-02-28,184,,
11,ADBE.OQ,ADBE.OQ,,,81,0.84,,0.0,1.1987113514825498,-0.42155381042732876,1.8931107065867836,-0.3120604395604396,0.31610829751997355,2,292.79,116384025000.00002,,,,0.6134388712036479,0.5342854684676933,2025-11-28,276,,stale fundamentals (276d)
258,GIS.N,GIS.N,,,82,0.838,,0.0,1.194813134875903,-0.39370725001428303,1.8756075855431256,-0.27352164194269457,0.3138845981218841,2,41.2,22029640000.0,,,,-0.011888605396015417,1.8373052494435698,2026-05-31,92,,
519,SNPS.OQ,SNPS.OQ,,,83,0.836,,0.0,1.1910913876090459,-0.48335990276150825,1.9087133691964262,-0.3975982025257613,0.3180905515058264,2,439.59,84241553215.14,,,,0.047029042557149736,0.4760203493398418,2025-10-31,304,,stale fundamentals (304d)
170,DIS.N,DIS.N,,,84,0.834,,0.0,1.1881082392756928,-0.33721068656324316,1.8418163503495224,-0.195332106407897,0.3095915609444978,2,107.55,185705176310.1,,,,0.11289808772265256,0.3839845634346393,2025-09-27,338,,stale fundamentals (338d)
418,NKE.N,NKE.N,,,85,0.832,,0.0,1.1828334975252588,-0.5255955935816335,1.9150173937139272,-0.45605112154407934,0.3188914518418375,2,39.06,57945459339.18,,,,0.20908173562058527,0.5342751429532459,2026-05-31,92,,
380,MDT.N,MDT.N,,,86,0.83,,0.0,1.1609495729337769,-0.2453514197396593,1.7636499983652498,-0.0682016586643387,0.299660848049082,2,90.65,115953849728.5,,,,0.0970422335887431,0.5652912277864263,2026-04-24,129,,
73,BFb.N,BFb.N,,,87,0.828,,0.0,1.1374571734360195,-0.2120575096500964,1.715820609044355,-0.022123893805309658,0.2935843212411731,2,26.57,7715487363.12,,,,0.17786069651741293,0.6223880597014926,2026-04-30,123,,
70,BE.N,BE.N,,,88,0.826,,0.0,1.1328930169373732,3.0343169759373207,0.31799703450882433,4.470760233918129,0.11599659653899934,2,206.3,60760991479.8,-275.15604781543294,31.657366615246907,310.49536463220016,-0.11505241068327086,3.7297841254890125,2025-12-31,243,-1.1265051156821622,stale fundamentals (243d)
306,INTU.OQ,INTU.OQ,,,89,0.824,,0.0,1.1325027522071287,-0.6357696728920365,1.8903337915353424,-0.6085287159860786,0.31575550190637797,2,359.3,96017894800.0,,,,0.1962962962962963,0.3030441400304414,2025-07-31,396,,stale fundamentals (396d)
90,C.N,C.N,,,90,0.822,,0.0,1.131060445768186,0.08025194045262851,1.5814069480462822,0.3824235466026509,0.2765076195311818,2,131.62,220784229378.46002,14.594814553334265,0.9835245818240057,21.749166634994538,0.06738863164241536,3.32940633375885,2025-12-31,243,0.6509261073076505,stale fundamentals (243d)
385,MKC.N,MKC.N,,,91,0.82,,0.0,1.1310364662551997,-0.4034569905871829,1.7886765191876497,-0.2870149880935705,0.3028403643850676,2,54.22,13774870233.0,,,,0.13761004096574567,0.6966442953020134,2025-11-30,274,,stale fundamentals (274d)
226,FDS.N,FDS.N,,,92,0.818,,0.0,1.1034188213873573,-0.4538308332806143,1.770811530530774,-0.35673086323198755,0.30057069119797825,2,313.55,11151576007.65,,,,0.27306826294940617,0.6258012552980613,2025-08-31,365,,stale fundamentals (365d)
608,WDC.OQ,WDC.OQ,,,93,0.816,,0.0,1.1030420548430582,4.592766641134902,-0.3925541964248746,6.627607447851043,0.025723990836399646,2,450.55,162441722319.2,-23.426970782301606,1.6922895523016819,269.36827509563585,0.3409747292418773,0.8503610108303249,2025-06-27,430,-0.4741310632900788,stale fundamentals (430d)
528,STT.N,STT.N,,,94,0.814,,0.0,1.0817825680842676,0.25780353792704364,1.4349164381516493,0.6281495888957651,0.25789660393767716,2,191.38,52572423785.7,12.225412829225807,1.2931949564337224,5.124899990816136,0.1057792464351174,1.0705434431234886,2025-12-31,243,1.9657775052142268,stale fundamentals (243d)
64,BAC.N,BAC.N,,,95,0.812,,0.0,1.0716008641070514,0.01469983723917732,1.5245584470504259,0.2917014178482069,0.2692852517528032,2,61.94,433130833728.1,13.002246516601659,1.3081440922791292,13.347173456121672,0.10060908248500378,2.3296333303654166,2025-12-31,243,0.7544776070922709,stale fundamentals (243d)
488,RDDT.N,RDDT.N,,,96,0.81,,0.0,1.0556800182979227,-0.23797460195390696,1.6101034269772783,-0.057992365901024745,0.2801533889209367,2,147.81,28438128143.100002,82.23081867728484,14.871569266274458,98.55422707733764,0.18085152872717936,0.0,2025-12-31,243,-1.048072489541286,stale fundamentals (243d)
107,CFG.N,CFG.N,,,97,0.808,,0.0,1.0385209840294989,0.1446544944722356,1.4216066224111832,0.47155473403162884,0.25620564669771223,2,68.87,29006445389.56,13.693083224107045,0.9526935206649694,11.768689302035641,0.06957479955922027,0.35220579853326744,2025-12-31,243,1.1012788817699386,stale fundamentals (243d)
582,VEEV.N,VEEV.N,,,98,0.806,,0.0,1.0369551278607516,-0.4054098392989879,1.6551115423577827,-0.2897176716626001,0.28587148450121236,2,285.69,46255739356.5,,,,0.12597882782388084,0.0,2026-01-31,212,,stale fundamentals (212d)
82,BNY.N,BNY.N,,,99,0.804,,0.0,1.0278885624515666,0.18554972220508822,1.3888909225572004,0.5281524926686219,0.25204925185293464,2,161.28,109429148021.76,14.398507341863398,1.8030220756888895,14.465875664168568,0.12522284656872976,1.2025816351860892,2025-12-31,243,0.4186289029818641,stale fundamentals (243d)
325,JPM.N,JPM.N,,,100,0.802,,0.0,0.9999666071846123,-0.07028760538108447,1.4586469839984824,0.17408136701932397,0.2609114719937407,2,356.02,946367449143.8999,15.228747090169684,2.397015666127724,17.22470616942379,0.1574007140531622,2.5500057940944383,2025-12-31,243,0.13884259767560414,stale fundamentals (243d)
330,KEY.N,KEY.N,,,101,0.8,,0.0,0.9924373730910777,-0.019808638194566533,1.4262570922134967,0.24394273127753308,0.25679646972147147,2,21.61,23060648051.94,12.440435560415528,1.1164102173593053,10.902634573643411,0.08974044453167165,0.5397674304499288,2025-12-31,243,1.0802865456843485,stale fundamentals (243d)
466,PNC.N,PNC.N,,,102,0.798,,0.0,0.9901114718500824,0.01902615583542792,1.4062908929992202,0.2976889119709165,0.2542598463921705,2,239.63,95598870923.20999,11.736548442906575,1.3436444664521137,10.464040353510088,0.11448378311463418,0.7279194520095851,2025-12-31,243,1.0101826906383606,stale fundamentals (243d)
611,WFC.N,WFC.N,,,103,0.796,,0.0,0.9836892230854616,-0.1548103627626516,1.4716176170203672,0.05710442651014924,0.2625593374670847,2,86.39,261243302637.04,13.50784140969163,1.5914040095628792,18.5331443553202,0.11781334717337412,2.3505358414726394,2025-12-31,243,0.3893162428161398,stale fundamentals (243d)
405,MTB.N,MTB.N,,,104,0.794,,0.0,0.9729450930439087,0.010416890714039681,1.38545717975671,0.2857739493604803,0.25161300898061495,2,233.94,33784740332.28,10.730523746054017,1.048521890530212,9.735219268510258,0.09771395277101827,0.447612845734654,2025-12-31,243,1.3637246093416595,stale fundamentals (243d)
579,USB.N,USB.N,,,105,0.792,,0.0,0.9654084111850801,0.07370682215628392,1.3475662350545643,0.3733653007846556,0.2467991206051053,2,61.58,95944808044.68,10.961003963011889,1.272756277514476,11.652064002337985,0.1161167610019498,1.1735462396269714,2025-12-31,243,1.0141917874644983,stale fundamentals (243d)
543,TFC.N,TFC.N,,,106,0.79,,0.0,0.9633623268419671,-0.07232568096379555,1.4072286159015797,0.17126073203795755,0.2543789802225514,2,49.58,60568226401.04,11.706453495383457,0.9530158262897257,13.001926613588111,0.081409440242987,0.925800365092284,2025-12-31,243,1.138855449730965,stale fundamentals (243d)
272,HBAN.OQ,HBAN.OQ,,,107,0.788,,0.0,0.9626965314791734,-0.17602481201442335,1.4507199644050008,0.027744270205066313,0.2599043768217025,2,16.685,33710621371.809998,12.302197638670286,1.1174167685112153,10.318047515823274,0.0908306630515159,0.5327417632076247,2025-12-31,243,1.1379089057972556,stale fundamentals (243d)
491,RF.N,RF.N,,,108,0.786,,0.0,0.9096359162706666,-0.048467194684213434,1.3202515352513295,0.2042801556420233,0.24332890055920917,2,29.88,25455653639.28,10.910389610389611,1.2352465472877172,8.680169325952459,0.11321745523289398,0.16457490941553327,2025-12-31,243,1.3248788320884206,stale fundamentals (243d)
534,SYF.N,SYF.N,,,109,0.784,,0.0,0.8564755122514112,-0.1392007509496118,1.2831939107661354,0.07870765727298612,0.2386208820831437,2,77.08,25079584347.2,8.159792229729732,1.7287117976857929,8.139620715075562,0.21185733031134438,0.9055230824287248,2025-12-31,243,1.4545260723637263,stale fundamentals (243d)
124,COF.N,COF.N,,,110,0.782,,0.0,0.8555416245713715,-0.2169531536049671,1.3151822437898024,-0.02889931700971049,0.2426848679696144,2,214.51,131598632170.36,61.760797390949854,1.333432227855243,31.843168436064015,0.02159026897620072,0.4353524151527991,2025-12-31,243,-0.24477803347669466,stale fundamentals (243d)
140,CRWD.OQ,CRWD.OQ,,,111,0.78,,0.0,0.8186710662673395,0.2724099783285585,1.0527829610982458,0.648364460757854,0.20934812045327642,2,231.0,236528948502.0,,,,-0.0366955033319107,0.16833905776139862,2026-01-31,212,,stale fundamentals (212d)
332,KHC.N,KHC.N,,,112,0.778,,0.0,0.6458420622187738,-0.2630269749809218,1.0353573638757863,-0.09266409266409259,0.20713427013719388,2,25.67,30440095867.86,,,,-0.14031298003072196,0.509288594470046,2025-12-27,247,,stale fundamentals (247d)
529,STX.OQ,STX.OQ,,,113,0.776,,0.0,0.5048650409744677,3.2775742703868596,-0.6834389144879858,4.807420974087641,-0.01123171385517848,2,828.38,188367824937.32,64.7328857681791,-14.544276815788061,64.83297803872038,-3.2428256070640176,-11.026490066225165,2025-06-27,430,-0.8764407767984199,stale fundamentals (430d)
190,ECHO.OQ,ECHO.OQ,,,114,0.774,,0.0,0.47251157401748145,0.9326792882647547,0.27529683934007865,1.5621572212065815,0.11057171271066929,2,86.44,25110016799.52,-2.1584994764843923,5.427216045640974,-628.4306407033522,-2.514346704628547,4.5058696267498055,2025-12-31,243,-0.4753159535486209,stale fundamentals (243d)
122,CNC.N,CNC.N,,,115,0.772,,0.0,0.4587978363842033,0.8245886230797898,0.30203035637180914,1.4125630089181853,0.11396809588050483,2,64.34,31783638300.0,-3.0320348441714113,1.0141733348368667,-132.52394559859155,-0.33448604219916805,0.8720994336691225,2025-12-31,243,3.198540891188231,stale fundamentals (243d)
456,PFG.OQ,PFG.OQ,,,116,0.77,,0.0,0.11625925249999947,0.15402845088478892,0.10007245319223257,0.48452800626713666,0.08831017655173673,2,110.16,23585767252.559998,16.181633617416253,1.6136835550618904,12.44279102233677,0.09972315485657066,0.3363037386716482,2025-12-31,243,0.42086503015432075,stale fundamentals (243d)
516,SMCI.OQ,SMCI.OQ,,,117,0.768,,0.0,0.09811436058771197,-0.5806193040617434,0.3890002168660501,-0.5322022731016307,0.1250172582527804,2,37.28,24491669515.52,27.88761146018416,4.641615012102303,27.14114020534815,0.16644003444788566,0.7549801299428582,2025-06-30,427,-0.4001263722393462,stale fundamentals (427d)
542,TER.OQ,TER.OQ,,,118,0.766,,0.0,0.011899110430667548,1.549346597431438,-0.6470069554268055,2.4156061309800276,-0.00660318359286154,2,349.83,54692684572.5,54.71215100646696,10.842557969619623,44.31147483489083,0.1981745877316729,0.0715371034340671,2025-12-31,243,-0.8829607237591133,stale fundamentals (243d)
237,FLEX.OQ,FLEX.OQ,,,119,0.764,,0.0,0.00179674370130109,0.6907504544235776,-0.29346913232253174,1.2273350303504995,0.03831233990022983,2,109.25,40357275346.5,27.349926210272724,4.678836521197511,17.867010317944764,0.17107309486780714,0.729199066874028,2026-03-31,153,-0.15460102834067196,
574,UNH.N,UNH.N,,,120,0.762,,0.0,-0.06015425273707711,0.206871004142343,-0.1745936485425429,0.5576605021801231,0.053414980227621,2,389.41,349532409370.27,24.803117688138688,3.1774135251110405,19.901676167907297,0.12810540856444586,0.832950802252683,2025-12-31,243,-0.00801662806403372,stale fundamentals (243d)
586,VLO.N,VLO.N,,,121,0.76,,0.0,-0.0630642438989158,0.7035888367772666,-0.39162984990299393,1.2451029633350075,0.025841425252764897,2,358.92,103342924302.12001,21.146721828709538,2.0928346829846154,13.977621255521798,0.09896733403582719,0.4475869336143309,2025-12-31,243,0.5647576440480264,stale fundamentals (243d)
381,MET.N,MET.N,,,122,0.758,,0.0,-0.06643604152958969,0.010097746683117935,-0.09923623647789298,0.2853322636716136,0.0629888288819135,2,95.17,60478339142.590004,15.30908020124297,1.8215853933376216,15.618816434724637,0.11898725262342828,0.6682512853018048,2025-12-31,243,0.44040733955333033,stale fundamentals (243d)
427,NUE.N,NUE.N,,,123,0.756,,0.0,-0.07097106973627382,0.3818745303897738,-0.26504775550457993,0.7998600909408886,0.041923158700220585,2,249.64,56637243756.64,21.404321026083718,1.7830118393910015,16.71686192910493,0.08330149025601834,0.34013183034008404,2025-12-31,243,0.13194333813184567,stale fundamentals (243d)
219,EXPE.OQ,EXPE.OQ,,,124,0.754,,0.0,-0.08363830798210582,0.26590157521549185,-0.23344111506679055,0.6393570276433618,0.045938652116613854,2,317.12,38060534052.16,26.819867372488407,27.02874484423676,18.893161525658808,1.0077881619937694,4.798286604361371,2025-12-31,243,-0.4913742061632095,stale fundamentals (243d)
195,EIX.N,EIX.N,,,125,0.752,,0.0,-0.08829972585735743,0.1069865849164258,-0.1719938590461217,0.41942348616753744,0.053745272769387196,2,53.98,20772258586.42,4.912767305067008,1.3137788896478755,11.791032522496286,0.26742135502588316,2.2975140792991637,2025-12-31,243,1.4797719433641652,stale fundamentals (243d)
221,F.N,F.N,,,126,0.75,,0.0,-0.09177951754005263,0.05718961084612537,-0.1556234297055575,0.35050597976080966,0.05582506835443054,2,13.94,55587083597.979996,-6.389222828882914,1.4540671224388073,18.48689198198748,-0.2275812194036493,4.543168669336894,2025-12-31,243,1.20719596211171,stale fundamentals (243d)
317,IVZ.N,IVZ.N,,,127,0.748,,0.0,-0.09243216171837804,0.07707450409785725,-0.16507787563962173,0.37802607076350103,0.05462391996035793,2,32.78,14472362788.4,-41.40532481363152,0.9536325729703213,18.718690507961924,-0.023031640912435616,0.7667238982912272,2025-12-31,243,0.5344255011739256,stale fundamentals (243d)
256,GEV.N,GEV.N,,,128,0.746,,0.0,-0.09512201773796795,0.17380137095403625,-0.21037489860596975,0.5118931297709923,0.04886911986189144,2,898.53,239308712535.93,36.07543964498874,15.759203058371803,95.29393724971924,0.43684022186437643,0.0293433530148506,2025-12-31,243,-0.8975985837299834,stale fundamentals (243d)
527,STLD.OQ,STLD.OQ,,,129,0.744,,0.0,-0.09577605629599445,0.5058510029551055,-0.3536162245464659,0.9714397803060022,0.03067089969984582,2,232.62,33340979830.56,20.871888678300767,2.7626553594143783,19.618593846791228,0.1323624997236854,0.4701437349380642,2025-12-31,243,-0.10783628022854855,stale fundamentals (243d)
17,AEP.OQ,AEP.OQ,,,130,0.742,,0.0,-0.10346228186480795,-0.10292057607738511,-0.10369444148798918,0.1289183222958057,0.062422432307680666,2,122.43,66650567805.36,17.420876103807263,2.0004726857720683,22.568248166118767,0.11483192199127534,1.5712406979727995,2025-12-31,243,-0.0833034161191358,stale fundamentals (243d)
345,L.N,L.N,,,131,0.74,,0.0,-0.10450015016014161,0.009756433026423046,-0.15346725724009788,0.2848598958910178,0.05609900118056254,2,108.29,22137477798.800003,13.013713257348531,1.1609686396232473,6.823382932166302,0.08921117414106818,0.5078133361875201,2025-12-31,243,1.1900299200400988,stale fundamentals (243d)
96,CB.N,CB.N,,,132,0.738,,0.0,-0.1058656852182564,0.03212914012905085,-0.16500632465281667,0.31582304603954836,0.054633010218369304,2,338.6,130631832257.40001,11.84001115142968,1.6550363351443254,11.018889193315456,0.1397833425979907,0.23928576270726845,2025-12-31,243,0.554116040879755,stale fundamentals (243d)
268,GS.N,GS.N,,,133,0.736,,0.0,-0.10941296376229093,0.08833431277296394,-0.19416179656311444,0.39360930550803963,0.05092892766210797,2,1025.9,298712747467.2,15.349159360095483,2.1095698329945907,63.16739728778349,0.13743878628812853,9.301523541273244,2025-12-31,243,-0.22273292111367562,stale fundamentals (243d)
19,AFL.N,AFL.N,,,134,0.734,,0.0,-0.1181694197939377,0.015661079188979993,-0.17552534792947388,0.29303174764174855,0.05329661166005233,2,115.85,58080621073.299995,15.687313850795393,1.939503095964734,11.61296230728336,0.12363513055272973,0.28267209223465584,2025-12-31,243,0.26178622085340886,stale fundamentals (243d)
214,EVRG.OQ,EVRG.OQ,,,135,0.732,,0.0,-0.12009514902093121,-0.06373296319366395,-0.14425037151833148,0.18315279361459536,0.057269968528650315,2,81.02,18680552275.44,19.50470231248247,1.6326908806668428,20.88878811309283,0.08370755187696281,1.5000244587283418,2025-12-31,243,-0.014050329985332052,stale fundamentals (243d)
474,PRU.N,PRU.N,,,136,0.73,,0.0,-0.12133178807371339,-0.051957416868408754,-0.1510636614474154,0.19944979367262716,0.056404368120784615,2,117.6,40572000000.0,10.981809843400448,1.2106465256797219,10.116883758738416,0.11024107528207326,0.7077501695542052,2025-12-31,243,1.0674245130163698,stale fundamentals (243d)
291,HST.OQ,HST.OQ,,,137,0.728,,0.0,-0.12337780662881075,0.25017038056902796,-0.2834698868564559,0.617585529915355,0.039582702829721116,2,21.93,15024778070.07,15.480215556800003,1.8057890974309243,20.166108344400477,0.11665141811527904,0.7741689539493748,2025-12-31,243,0.08772294946675525,stale fundamentals (243d)
616,WRB.N,WRB.N,,,138,0.726,,0.0,-0.12367258912804248,-0.1410873367371608,-0.11620912586699177,0.07609667958754085,0.0608324932304467,2,67.56,25080131859.24,14.751708312884803,2.7058784142813685,11.75148142119728,0.18342813977130587,0.29273046870892744,2025-12-31,243,0.23885654613252477,stale fundamentals (243d)
212,ETR.N,ETR.N,,,139,0.724,,0.0,-0.1298996247934414,-0.04774030696615438,-0.16511076100513583,0.20528614626497932,0.05461974201019023,2,106.31,49607594552.38,23.576984915903886,2.4260620709763274,22.662042979101876,0.10289958956286324,1.8017382578207646,2025-12-31,243,-0.2658426333937411,stale fundamentals (243d)
294,HUM.N,HUM.N,,,140,0.722,,0.0,-0.13009223674213438,0.08687790549713728,-0.22307944055896511,0.39159368187554966,0.04725506016228633,2,383.23,46018376434.840004,25.999202645252524,1.7492808938415358,12.69995676528479,0.06728209775159993,0.7005153763379962,2025-12-31,243,1.0645559170467263,stale fundamentals (243d)
16,AEE.N,AEE.N,,,141,0.72,,0.0,-0.1316767017969564,-0.12536452869207843,-0.13438191884190412,0.09785657051282048,0.058523714773214934,2,106.01,29348153038.510002,18.95693956043956,2.0596451011118573,23.41130503455084,0.10864860831281248,1.4797403178867248,2025-12-31,243,-0.1462676028348793,stale fundamentals (243d)
609,WEC.N,WEC.N,,,142,0.718,,0.0,-0.1342483568978326,-0.18900346460313444,-0.11078188216698895,0.009782207456626058,0.06152200217681567,2,106.17,34595428993.11,22.02038352071598,2.5156238488522424,23.848318579199123,0.1142406918792143,1.6354588097332161,2025-12-31,243,-0.27790882128785227,stale fundamentals (243d)
401,MS.N,MS.N,,,143,0.716,,0.0,-0.13446177598987247,0.1303611283526374,-0.24795730642237668,0.4517731475093141,0.04409442982623183,2,213.32,335033201409.44,16.667456853092936,2.5174680199228288,52.64315739441401,0.1510409201662741,7.900154077684527,2025-12-31,243,-0.30609642546911003,stale fundamentals (243d)
197,ELV.N,ELV.N,,,144,0.714,,0.0,-0.13523435083286361,0.006481170197894648,-0.19596957413176,0.2803270311701582,0.05069925697187794,2,392.54,85129871096.6,13.759413346812082,1.7753474857492824,13.554215775350999,0.1290278474089604,0.7302766510186409,2025-12-31,243,0.8442842480077452,stale fundamentals (243d)
377,MCK.N,MCK.N,,,145,0.712,,0.0,-0.1352624237892344,-0.05329217487223438,-0.1703925304679487,0.19760252895428865,0.0539487149661557,2,885.32,103219780171.16,21.806635867282655,-47.80994475138122,18.173752675778033,-2.192449355432781,-3.0046040515653774,2026-03-31,153,1.0020981905615307,
194,EG.N,EG.N,,,146,0.71,,0.0,-0.136950026527416,-0.10570834129813199,-0.15033932019710916,0.125060139523695,0.05649639269161971,2,374.65,14365105293.099998,8.681046511627907,0.8933151154517819,8.533862187346738,0.10290408123665998,0.23213246232455856,2025-12-31,243,1.5457764894806847,stale fundamentals (243d)
24,AIZ.N,AIZ.N,,,147,0.708,,0.0,-0.13834622404697283,0.17440821715403357,-0.27238384170454705,0.5127329865626353,0.040991139180586944,2,281.86,13902396966.62,13.821514086742294,2.0543012711186046,11.840457508505517,0.14863069691395872,0.3758600722120035,2025-12-31,243,0.4820870953775518,stale fundamentals (243d)
183,DUK.N,DUK.N,,,148,0.706,,0.0,-0.14035541641266872,-0.16638487079514871,-0.12919993596303445,0.04108565737051806,0.059182064342980824,2,119.91,93494089962.63,18.355350241545892,1.758986536013271,21.105908825929813,0.09582963620230701,1.7328806758998496,2025-12-31,243,-0.02921251607212219,stale fundamentals (243d)
229,FE.N,FE.N,,,149,0.704,,0.0,-0.14177892492140218,-0.08333932177844251,-0.16682446912552776,0.15601818616894003,0.05440202245569984,2,45.86,26536427281.52,25.35498715426471,2.067313101306971,18.502678043540417,0.08153477218225484,2.1227817745803526,2025-12-31,243,-0.0916028981841823,stale fundamentals (243d)
113,CINF.OQ,CINF.OQ,,,150,0.702,,0.0,-0.14607645798662766,-0.059930353390769284,-0.18299621709913838,0.1884154906026354,0.05234746851956038,2,169.9,26075919845.5,10.648116817033014,1.6014671323713154,16.59050065814511,0.15039909496574697,0.05122242473760292,2025-12-31,243,0.4032788196533791,stale fundamentals (243d)
261,GM.N,GM.N,,,151,0.7,,0.0,-0.152108962074744,0.3135051369317835,-0.3516578616489701,0.7052389176741509,0.030919701635542893,2,86.32,75741617019.12,27.26753709198813,1.2027893126523668,14.645366870283866,0.044110669349956645,2.1315302933621294,2025-12-31,243,0.744826593629219,stale fundamentals (243d)
123,CNP.N,CNP.N,,,152,0.698,,0.0,-0.15607574877942013,-0.12881319302794253,-0.16775970124433912,0.09308372334893389,0.05428320506910419,2,39.6,26085323404.8,23.79369732587453,2.2443261532161753,22.754014022189576,0.09432439702322246,2.0604321707163993,2025-12-31,243,-0.2284018269577236,stale fundamentals (243d)
155,D.N,D.N,,,153,0.696,,0.0,-0.15656469091741443,-0.06061510783346777,-0.19768594081053445,0.1874678111587984,0.05048119965850099,2,66.01,58057507893.490005,16.688051667588393,1.7202757246305997,20.071340275690527,0.10308427603755128,1.6828043874428944,2025-12-31,243,0.030093434189818025,stale fundamentals (243d)
151,CVS.N,CVS.N,,,154,0.694,,0.0,-0.15749606469312244,0.29255458027292447,-0.350374912535714,0.6762439807383629,0.031082695033338114,2,93.91,120108107352.79,56.98086086515838,1.3394070520062935,13.30694373417049,0.0235062621320502,0.8584837929109057,2025-12-31,243,0.9715399466862319,stale fundamentals (243d)
363,LUV.N,LUV.N,,,155,0.692,,0.0,-0.16386646035439456,0.13944421294028939,-0.2938567489092591,0.4643438619342233,0.03826309481025729,2,38.53,18849191984.53,48.46716430022675,2.678112950306979,37.643294350143265,0.05525623355469239,0.6140834481894499,2025-12-31,243,-0.31909242601050025,stale fundamentals (243d)
556,TRV.N,TRV.N,,,156,0.69,,0.0,-0.16508878192018703,0.12608274955472368,-0.2898765811237202,0.4458520006179514,0.03876875872510549,2,365.93,76323857800.46,10.033086832061068,1.9179196814008634,4.671382916908774,0.19115948197239618,0.2817231105976774,2025-12-31,243,1.5170987898279675,stale fundamentals (243d)
156,DAL.N,DAL.N,,,157,0.688,,0.0,-0.16546998434311755,0.26011117120885124,-0.3478619081511042,0.6313432835820896,0.03140196188429085,2,78.0,51294596340.0,9.054069150689312,2.1730981680909225,10.237315434832043,0.24001342732460557,0.676737160120846,2025-12-31,243,0.9090296460697042,stale fundamentals (243d)
192,ED.N,ED.N,,,158,0.686,,0.0,-0.16780103880518285,-0.15198142375896523,-0.1745808738249904,0.06101959255288025,0.05341660320284133,2,107.02,39579060303.659996,17.720279083816113,1.4819398340868126,21.60974044983384,0.08362959900785448,1.152501033484911,2025-12-31,243,0.08655457242588416,stale fundamentals (243d)
47,APD.N,APD.N,,,159,0.684,,0.0,-0.16802084350102073,-0.18421706593090623,-0.16107960531678409,0.016406438493089315,0.05513188372796923,2,309.46,68912264113.8,-153.8525442352345,4.03961615057671,27.432280750533646,-0.02625641435217539,1.1779379563258325,2025-09-30,335,-0.5509243552589153,stale fundamentals (335d)
49,APO.N,APO.N,,,160,0.682,,0.0,-0.17074246707430585,-0.29477408099824837,-0.11758606110690194,-0.13660112745772035,0.060657559282577676,2,136.58,80656384656.22,24.06127481886598,3.599758864979221,11.363253349986449,0.1496079859474744,0.7116661668308985,2025-12-31,243,-0.04806820540118108,stale fundamentals (243d)
620,WTW.OQ,WTW.OQ,,,161,0.68,,0.0,-0.17089322868215734,-0.11446269936772421,-0.19507774124548585,0.1129443726601067,0.05081256066482833,2,338.55,31441794271.350002,19.466189271651093,3.917155689694083,16.637675578644217,0.2012286860581745,0.7908726178535607,2025-12-31,243,-0.20573696050682538,stale fundamentals (243d)
296,IBKR.OQ,IBKR.OQ,,,162,0.678,,0.0,-0.17224304314101072,0.0414715383601395,-0.26383500664150367,0.3287526427061309,0.04207723344552628,2,97.29,165764179543.23,110.84986164962399,20.3386656466997,28.03650269443444,0.18347939586056028,4.618683572628128,2025-12-31,243,-0.8879681107439034,stale fundamentals (243d)
13,ADM.N,ADM.N,,,163,0.676,,0.0,-0.17443291643738854,0.1190007480243007,-0.30019020120668394,0.436050724637681,0.03745845579607901,2,81.29,39178494502.07,25.628899874907237,1.215323717289843,21.425656400208087,0.04742005014736286,0.3699467734130999,2025-12-31,243,0.6975278678102713,stale fundamentals (243d)
417,NI.N,NI.N,,,164,0.674,,0.0,-0.18218463892297446,-0.16272542211942115,-0.19052430326735445,0.04615022368730881,0.051391056195194185,2,40.92,19623599292.0,21.43914501456697,2.108727451671411,19.685813655994334,0.0983587475264812,1.7156961301996805,2025-12-31,243,-0.13542214028211838,stale fundamentals (243d)
520,SO.N,SO.N,,,165,0.672,,0.0,-0.1832714566808247,-0.19881269210639294,-0.17661092721272406,-0.003793466807165413,0.05315869328579664,2,88.0,101231941008.0,22.118484752269065,2.6659357593736117,23.144453302621827,0.1205297645490893,2.0155208796090625,2025-12-31,243,-0.2813237398984203,stale fundamentals (243d)
335,KLAC.OQ,KLAC.OQ,,,166,0.67,,0.0,-0.18416479702298735,0.509473928345711,-0.4814385364667153,0.9764537995005351,0.014431601727187651,2,175.45,229233633077.34998,2.916404482328949,2.524350025630518,3.530447744624723,0.8655692449130551,1.2539831512430706,2025-06-30,427,2.1421221350635644,stale fundamentals (427d)
627,XOM.N,XOM.N,,,167,0.668,,0.0,-0.18495432015967223,0.08507420028495341,-0.30068082892165465,0.38909740840035734,0.037396123566772875,2,160.95,661812229962.0,17.43831725192345,1.9391594874606959,14.249988864067152,0.11120106713546606,0.16829358562142907,2025-12-31,243,0.1894048998684314,stale fundamentals (243d)
118,CME.OQ,CME.OQ,,,168,0.666,,0.0,-0.18772787317522083,-0.2219572767856918,-0.1730581287707333,-0.03582487218261676,0.05361006168673967,2,285.5,102658983687.5,24.181457777800695,3.4277028272832966,10.553394172068034,0.14174922201878293,0.12089166742086173,2025-12-31,243,-0.04630900104697326,stale fundamentals (243d)
74,BG.N,BG.N,,,169,0.664,,0.0,-0.18885676030735715,0.0372528259050714,-0.28576086868411227,0.3229140722291408,0.03929164302967252,2,116.21,22326163283.829998,21.11377828,1.0833025073239437,20.72932394764977,0.05130784708249497,0.8965669014084507,2025-12-31,243,1.141675355865411,stale fundamentals (243d)
358,LNT.OQ,LNT.OQ,,,170,0.662,,0.0,-0.19145951718709642,-0.1318195061258271,-0.2170195219276404,0.08892307692307688,0.048024947851421106,2,67.98,17626173838.02,20.637646095814816,2.2793146083460596,28.31462764644878,0.11044450504499591,1.67793836923916,2025-12-31,243,-0.2796110688972133,stale fundamentals (243d)
181,DTE.N,DTE.N,,,171,0.66,,0.0,-0.19269310634749987,-0.1614328284160987,-0.20609036831810038,0.04793913428866903,0.04941345177838033,2,135.63,28222984798.469997,18.322130566183308,2.1772701688823863,21.795276470392075,0.11883280500690889,2.1151751605299522,2025-12-31,243,-0.06136189058668906,stale fundamentals (243d)
216,EXC.OQ,EXC.OQ,,,172,0.658,,0.0,-0.1945035297855074,-0.17060417203808598,-0.20474611167725945,0.03524627202892017,0.04958423404490638,2,43.72,45130143437.24,15.909882541343931,1.5292226847156054,18.183646614072643,0.09611778595735815,1.739009653448156,2025-12-31,243,0.19872096918802157,stale fundamentals (243d)
9,ACGL.OQ,ACGL.OQ,,,173,0.656,,0.0,-0.19822451567144717,-0.07014501647154915,-0.25311572961426065,0.174278705758673,0.043439073417607804,2,98.07,33464340386.819996,7.827979086155945,1.4225927456002645,4.824023883696781,0.1817318020325539,0.11274064281583078,2025-12-31,243,1.7904469380044423,stale fundamentals (243d)
507,SCHW.N,SCHW.N,,,174,0.654,,0.0,-0.19881431917535725,-0.14717781100554825,-0.22094425124813252,0.0676676473572082,0.04752632716509472,2,109.82,189915648111.47998,20.055778659139175,3.5919828566656546,40.51337400215551,0.179099645928174,5.80089023773394,2025-12-31,243,-0.4939267258726171,stale fundamentals (243d)
236,FIX.N,FIX.N,,,175,0.652,,0.0,-0.19891064215667498,0.8592591495654408,-0.6524119814661532,1.4605459692447758,-0.007289869877003453,2,1545.62,54397058788.979996,32.192754069206835,13.443036480908406,25.189552317701686,0.4175795724717757,0.059305595371398095,2025-12-31,243,-0.6398450488703291,stale fundamentals (243d)
129,COR.N,COR.N,,,176,0.65,,0.0,-0.20071727171398723,-0.14768647356945633,-0.2234447566330719,0.06696367374914303,0.04720864826054164,2,323.6,61751670594.00001,38.99919567478826,40.19269050502016,18.22134389197936,1.0306030626935072,5.080024190676642,2025-09-30,335,0.6715730045427305,stale fundamentals (335d)
414,NEE.N,NEE.N,,,177,0.648,,0.0,-0.20108833106903584,-0.03393100509258582,-0.272727185058943,0.2243978025073956,0.04094751882233176,2,82.34,171759445729.06,24.461141979739573,3.0616742131467913,32.76943957999002,0.12516481101670085,1.751007178435394,2025-12-31,243,-0.4762404788560285,stale fundamentals (243d)
472,PPL.N,PPL.N,,,178,0.646,,0.0,-0.20470818328109747,-0.21271220090312576,-0.20127789001451393,-0.02302996670366253,0.05002485731458791,2,34.13,25684355423.33,21.935364926790857,1.7408551830213024,19.745054964458987,0.07936294603857268,1.3003158389893152,2025-12-31,243,-0.06447213970100879,stale fundamentals (243d)
59,AWK.N,AWK.N,,,179,0.644,,0.0,-0.2058427444653689,-0.2244256019255886,-0.19787866269670334,-0.039240959541711584,0.05045671513707172,2,138.23,27470308149.469997,23.563433559855987,2.4157031175602106,22.366138736029804,0.10251914736550706,1.462305065977669,2025-12-31,243,-0.28892425910881536,stale fundamentals (243d)
468,PNW.N,PNW.N,,,180,0.642,,0.0,-0.20716196347415106,-0.10330962650464784,-0.25167010788965244,0.12837988826815638,0.04362273370030014,2,97.64,11833697927.76,17.219796557350726,1.5066489279152733,19.83760234472617,0.08749516423712453,1.4990057416080533,2025-12-31,243,0.12741845182296288,stale fundamentals (243d)
525,SRE.N,SRE.N,,,181,0.64,,0.0,-0.20761524814846732,-0.1304735006091741,-0.24067599709387874,0.09078590785907847,0.04501949017008125,2,81.7,53423658431.6,31.36921692383778,1.8227763487407478,30.079951782172078,0.058107167710508,1.107768710065161,2025-12-31,243,-0.3336119501840543,stale fundamentals (243d)
121,CMS.N,CMS.N,,,182,0.638,,0.0,-0.20803936129564726,-0.19787383078491702,-0.2123960172288174,-0.0024941111265069926,0.048612345069905284,2,68.06,21342059876.16,19.870290538235295,2.327327336663386,23.265246766907932,0.1171259842519685,2.0667104111986,2025-12-31,243,-0.18235932338744562,stale fundamentals (243d)
54,ATO.N,ATO.N,,,183,0.636,,0.0,-0.2082908982278494,-0.11937494971600872,-0.24639773330435255,0.10614596670934717,0.04429256716386302,2,166.13,28074068309.89,22.86490785286222,2.021507641720672,23.337194568520825,0.08841092449308166,0.6634722311339645,2025-09-30,335,-0.2388236048138916,stale fundamentals (335d)
259,GL.N,GL.N,,,184,0.634,,0.0,-0.21398843733205972,0.014984224900461992,-0.3121195782888547,0.2920950017724211,0.03594287759885129,2,172.67,13269594013.49,9.587756504695852,1.8635065647303353,6.738029160498314,0.19436315094335518,0.43943665319347186,2025-12-31,243,1.0712649346758705,stale fundamentals (243d)
426,NTRS.OQ,NTRS.OQ,,,185,0.632,,0.0,-0.21866597742565996,0.0820004402493708,-0.34752301357210175,0.38484341745211315,0.03144501704396573,2,185.56,33949250970.68,14.653640059876793,1.9642000185216724,78.40583655430076,0.13404178146151266,12.287886154393256,2025-12-31,243,-0.18163870073152166,stale fundamentals (243d)
21,AIG.N,AIG.N,,,186,0.63,,0.0,-0.22014373343779478,-0.18515069339381668,-0.2351407505994997,0.015114326314429771,0.04572272042639531,2,76.36,39928122384.84,16.748015180878554,1.2604063054522472,8.07445171957672,0.07525705534893896,0.22341330610855878,2025-12-31,243,0.7699590111540097,stale fundamentals (243d)
625,XEL.OQ,XEL.OQ,,,187,0.628,,0.0,-0.22255975788302806,-0.13807930512943348,-0.25876566620599717,0.08025970437905783,0.04272127225706333,2,75.69,47278570621.14,21.650707449841427,1.8506132252013978,27.396709841535255,0.085475877843195,1.4902791308399272,2025-12-31,243,-0.191406620548191,stale fundamentals (243d)
451,PCG.N,PCG.N,,,188,0.626,,0.0,-0.2238054050632365,-0.02290487587075059,-0.3099056318600162,0.23965763195435086,0.0362241503689436,2,13.27,29225408842.62,13.06711821300407,1.085446236316841,18.49748520087483,0.08306699446834664,1.871081745543946,2025-12-31,243,0.5282265420482841,stale fundamentals (243d)
92,CAH.N,CAH.N,,,189,0.624,,0.0,-0.22403755464816485,0.133999183909497,-0.37748187117287707,0.4568081063964533,0.02763886764648833,2,234.62,54566917303.36,25.687211300448432,-14.41845984897519,19.58305954087797,-0.5613088816972313,-3.06616325062927,2025-06-30,427,1.3900950532332697,stale fundamentals (427d)
244,FRT.N,FRT.N,,,190,0.622,,0.0,-0.225115002372466,0.039505137409662765,-0.3385236337076641,0.3260312032485575,0.03258835116922334,2,116.03,10081746101.99,21.15324794916767,2.6766185649719842,30.65457553987205,0.1265346376785274,1.5255196567521287,2025-12-31,243,-0.3852790695725068,stale fundamentals (243d)
600,VTRS.OQ,VTRS.OQ,,,191,0.62,,0.0,-0.23012390934655808,0.49116233725081526,-0.5392465864597181,0.951111111111111,0.007087327203031002,2,16.51,18963235164.640003,-4.079642352954565,0.9747292833672075,20.755150813167774,-0.23892517996370138,0.9795531326259406,2025-12-31,243,0.6138423004577599,stale fundamentals (243d)
493,RJF.N,RJF.N,,,192,0.618,,0.0,-0.2315096733218385,-0.16827111214308185,-0.2586119138270199,0.038475156379086384,0.042740805863197555,2,178.17,34273086048.87,16.01501639344262,2.7347084699672313,35.53070758122744,0.1707590178357209,5.1370071182916535,2025-09-30,335,-0.23666823916669738,stale fundamentals (335d)
125,COHR.N,COHR.N,,,193,0.616,,0.0,-0.23306582987893604,0.8528283915452425,-0.6984490676321554,1.4516459945910656,-0.013138691955179404,2,277.83,54408072906.18,280.91031738331577,1.7061073796100408,26.794103601301124,0.006073494898665379,0.4556050087508574,2025-06-30,427,-0.42783067986624224,stale fundamentals (427d)
30,ALL.N,ALL.N,,,194,0.614,,0.0,-0.23324490320270433,0.07374184517466549,-0.3648106525072914,0.37341377158310785,0.029248693759753586,2,257.8,65186779510.0,5.263470141995721,1.768016987912447,3.0197529653955346,0.3359032995753022,0.24469127736033977,2025-12-31,243,2.302806071089899,stale fundamentals (243d)
597,VST.N,VST.N,,,195,0.612,,0.0,-0.23593385315474869,-0.40148019272407026,-0.16498542191075374,-0.28427915962327943,0.054635665825608026,2,137.37,46106206737.15,57.77453486710805,10.700247383666863,36.64942249371054,0.18520698450068668,4.104767510300176,2025-12-31,243,-0.7988457199775169,stale fundamentals (243d)
399,MRSH.N,MRSH.N,,,196,0.61,,0.0,-0.2375052169502791,-0.23523312516158862,-0.23847897057400358,-0.05419824491424019,0.04529861333546684,2,189.8,90574698666.40001,21.629134615384615,5.958754966887417,16.355306762203313,0.27549668874172184,1.2971523178807947,2025-12-31,243,-0.3027513888999896,stale fundamentals (243d)
477,PSX.N,PSX.N,,,197,0.608,,0.0,-0.237634914678299,0.3108813797304413,-0.47271332656775916,0.7016077170418007,0.015540103688187543,2,246.58,98390577467.28,11.808526745491708,1.7871289746811945,17.7981988732688,0.15134224727597703,0.6776887911181384,2025-12-31,243,0.7959036295380215,stale fundamentals (243d)
88,BX.N,BX.N,,,198,0.606,,0.0,-0.2416845803488485,-0.3921854635794248,-0.17718420182145864,-0.2714155355309684,0.05308586110922634,2,143.24,171100690793.84,60.97131668480604,21.24342514617116,27.037025456548495,0.34841670315223794,1.4361671755413348,2025-12-31,243,-0.8327809291823927,stale fundamentals (243d)
277,HIG.N,HIG.N,,,199,0.604,,0.0,-0.2466845163761336,-0.09588857063685596,-0.31131135026439544,0.1386504051993902,0.03604555963864444,2,137.38,37212395634.76,10.01888953013556,2.0249992221718744,5.761671858608158,0.2021181305653617,0.2303071816217925,2025-12-31,243,1.239668837361071,stale fundamentals (243d)
53,ARES.N,ARES.N,,,200,0.602,,0.0,-0.24781747171590862,-0.4256217174643848,-0.17161565210941884,-0.3176902998987907,0.053793322402101364,2,143.17,47285647705.92999,100.18169023520845,12.35702812205836,62.298674174764756,0.12334617326825188,3.169777635778862,2025-12-31,243,-0.9962854203065813,stale fundamentals (243d)
253,GE.N,GE.N,,,201,0.6,,0.0,-0.24805519275462878,0.032463558502012574,-0.3682775147217608,0.3162858709559495,0.028808243202373244,2,335.71,348320111239.23,37.11530413798943,17.29676110815856,43.80283146972587,0.46602773464691705,1.0972854312791724,2025-12-31,243,-0.837075883946953,stale fundamentals (243d)
489,REG.OQ,REG.OQ,,,202,0.598,,0.0,-0.2536448792026856,-0.11633137646674344,-0.31249352323237506,0.11035818005808329,0.03589536943480725,2,74.77,13691923299.189999,23.936869550335572,1.8279922241442965,29.782343671837616,0.0763672217162862,0.6861700417988414,2025-12-31,243,-0.2923639462794625,stale fundamentals (243d)
71,BEN.N,BEN.N,,,203,0.596,,0.0,-0.25449104342372675,0.0877802155213407,-0.40117872582875563,0.3928424516659812,0.024628279917393903,2,34.15,17350826476.5,22.958144408458754,0.9977586977760851,19.7790837462432,0.04345990163771548,1.0183394326781368,2025-09-30,335,0.3389858108971388,stale fundamentals (335d)
434,O.N,O.N,,,204,0.594,,0.0,-0.25889950928162114,-0.10599035850351433,-0.3244320024722384,0.12466983623877437,0.03437863484595476,2,61.28,57984241062.24,49.734241538272606,1.334936938202443,31.531541750781095,0.02684140537611602,0.7331928959616945,2025-12-31,243,-0.3087030903517498,stale fundamentals (243d)
393,MPC.N,MPC.N,,,205,0.592,,0.0,-0.2625597744339674,0.4203332828220917,-0.555228227543707,0.8530858414334233,0.005056925563785914,2,373.32,104837500523.16,11.854670126019274,2.7709281506295653,11.705783987259302,0.23374148088252425,1.8988102113896386,2025-12-31,243,0.9234736944239751,stale fundamentals (243d)
411,NCLH.N,NCLH.N,,,206,0.59,,0.0,-0.26695593272350854,-0.3464504489141199,-0.23288685435610368,-0.20811965811965805,0.04600906865579363,2,16.14,7411291834.440001,24.00813511404715,4.598127667320696,15.867788406502022,0.1915237333294719,6.609464371045048,2025-12-31,243,-0.11425921371551577,stale fundamentals (243d)
160,DDOG.OQ,DDOG.OQ,,,207,0.588,,0.0,-0.27154588839239957,0.3819076767745658,-0.551597416321099,0.7999059645351965,0.005518205167015035,2,237.04,85115143688.95999,442.61437295467834,12.77735343561154,-1096.864403049377,0.02886791350745377,0.2635034079040653,2025-12-31,243,-1.0079648419457323,stale fundamentals (243d)
260,GLW.N,GLW.N,,,208,0.586,,0.0,-0.27757907727480235,0.6768619208659441,-0.6866252193351222,1.2081137198530585,-0.011636520755218413,2,148.73,128114286469.62999,44.32862155388471,5.992079275006352,33.5376874205845,0.13517404929279242,0.7143220123655458,2025-12-31,243,-0.715113443119315,stale fundamentals (243d)
247,FTNT.OQ,FTNT.OQ,,,209,0.584,,0.0,-0.27849540412883267,0.23187996390521431,-0.49722770471485284,0.5922721462982992,0.012425652968555334,2,170.93,125413674707.29001,31.862035059792813,47.7196733574303,28.94923385229716,1.4976969696969697,0.8050909090909091,2025-12-31,243,-0.7560279425727978,stale fundamentals (243d)
89,BXP.N,BXP.N,,,210,0.582,,0.0,-0.27854606620206745,-0.1559355564035714,-0.33109342754428006,0.05554719253349383,0.03353232824233994,2,67.99,10855389192.439999,38.65187553843931,2.0785786320380635,27.27691021060757,0.053776915171190494,3.296851680237178,2025-12-31,243,-0.379467410363743,stale fundamentals (243d)
206,EQT.N,EQT.N,,,211,0.58,,0.0,-0.278960476383346,-0.19701957292461136,-0.31407800643708944,-0.001311844077961033,0.03569406737331674,2,54.18,33890456880.0,16.40334574477736,1.4082822580376941,11.828118291906987,0.08585335455031026,0.3299578822210229,2025-12-31,243,0.3667644441039308,stale fundamentals (243d)
480,PWR.N,PWR.N,,,212,0.578,,0.0,-0.2872746249612519,0.25430845184526063,-0.5193816578783287,0.6233124954391769,0.009611084515760794,2,607.09,89442435533.11,61.199142015115065,7.0411834876405885,41.77664695164738,0.11505363075027335,0.6707025056026074,2025-12-31,243,-0.7608850728621791,stale fundamentals (243d)
452,PEG.N,PEG.N,,,213,0.576,,0.0,-0.29095188312479087,-0.2952528478995114,-0.2891086125070535,-0.13726372637263717,0.03886632597304795,2,73.33,36549140799.9,18.987240299763144,2.3602675934989987,21.528880628456374,0.12430809091979743,1.4176186550465197,2025-12-31,243,-0.17031067932714525,stale fundamentals (243d)
463,PLD.N,PLD.N,,,214,0.574,,0.0,-0.2915410325491501,0.04449275194797534,-0.4355555116193468,0.33293391095953573,0.02026085094971918,2,139.92,132970645410.23999,35.628284581208455,2.2292174613067863,44.99198788507871,0.06256875646722969,0.6586760618062715,2025-12-31,243,-0.5566619887644566,stale fundamentals (243d)
319,JBHT.OQ,JBHT.OQ,,,215,0.572,,0.0,-0.29183983284602766,0.4461807805949827,-0.6081343814636035,0.8888579968026691,-0.0016645832650370345,2,265.47,24931598856.33,30.7273030109547,5.1565649346369025,22.946596514266492,0.16781703662044523,0.4114339489801786,2025-12-31,243,-0.41589303573106295,stale fundamentals (243d)
437,OKE.N,OKE.N,,,216,0.57,,0.0,-0.29317301942848223,-0.12029045213481733,-0.3672655482686244,0.10487893904367929,0.028936809369922056,2,96.01,60521791728.670006,13.63056865296198,2.0568609935290194,13.580302205341807,0.15090060040026684,1.459461863464532,2025-12-31,243,0.32528102431249645,stale fundamentals (243d)
175,DOC.N,DOC.N,,,217,0.568,,0.0,-0.294311441654692,-0.0026339627137293696,-0.41931607548653316,0.26771196283391396,0.02232400438754191,2,20.82,14355957553.2,156.6455581100817,1.4901400748417286,29.16560491540566,0.009512814106063205,1.3130360766145064,2025-12-31,243,-0.40835316049600345,stale fundamentals (243d)
605,WBD.OQ,WBD.OQ,,,218,0.566,,0.0,-0.2957490961488257,0.5144992900259846,-0.6429984045094588,0.9834087481146305,-0.0060939137180842755,2,28.53,71630365548.42,98.2495919250894,1.9885702087903894,62.38227254442193,0.020239984409366085,0.9256939224366194,2025-12-31,243,-0.57171157563687,stale fundamentals (243d)
461,PHM.N,PHM.N,,,219,0.564,,0.0,-0.2963556498037147,-0.11250825902523096,-0.37514738870877923,0.11564925899788281,0.027935454023130326,2,126.32,23679004852.8,10.301367447602908,1.760121295603184,8.156726757005762,0.1708628785989726,0.16660472550722571,2025-12-31,243,0.91382592582572,stale fundamentals (243d)
85,BRO.N,BRO.N,,,220,0.562,,0.0,-0.2994341565080218,-0.3713082167924691,-0.26863098781468725,-0.24252205724123077,0.04146792380175157,2,72.17,24148829464.690002,25.407210626185957,2.1343109906750617,19.022234513274338,0.08400414441699211,0.6067585877102096,2025-12-31,243,-0.20652356283334505,stale fundamentals (243d)
562,TTWO.OQ,TTWO.OQ,,,221,0.56,,0.0,-0.3009699398714816,-0.1343760303393679,-0.3723673296709588,0.08538492471292614,0.02828864906723902,2,219.7,41079603327.1,-122.79175050301811,10.429377082799283,-457.7134502923977,-0.0849354866273605,0.7171950212196303,2026-03-31,153,-0.7596762132216751,
487,RCL.N,RCL.N,,,222,0.558,,0.0,-0.3012073779012119,-0.22410999369658458,-0.3342491139889093,-0.038804167295787284,0.03313141128415986,2,268.74,71875073054.16,17.672537323392692,7.514834043662449,19.656995591354868,0.4252266613529939,2.1266314635847365,2025-12-31,243,-0.34646519453471103,stale fundamentals (243d)
585,VICI.N,VICI.N,,,223,0.556,,0.0,-0.30328290223515986,-0.33334237588992566,-0.29040027066883173,-0.18997848140178297,0.038702226126528044,2,25.65,28242639465.3,10.828698091661554,1.0812060215370802,13.047095643428545,0.0998463538631337,0.6344454421310586,2025-12-31,243,0.6590048711813911,stale fundamentals (243d)
383,MGM.N,MGM.N,,,224,0.554,,0.0,-0.30373578881339064,-0.0684602667231384,-0.4045681554234988,0.17661034846884882,0.024197666855249312,2,41.36,10405876388.16,45.788982367168295,3.8792318783193003,11.902889512837373,0.08471976614839108,2.668859471331737,2025-12-31,243,0.15614698265089536,stale fundamentals (243d)
269,GWW.N,GWW.N,,,225,0.552,,0.0,-0.30376424509070066,0.03923282401884802,-0.45076298899479295,0.3256543297495851,0.01832880361930937,2,1309.49,61678212539.58,28.124067115973034,12.842521011737151,20.227518436813625,0.45663811563169165,0.6659528907922913,2025-12-31,243,-0.5107521520642984,stale fundamentals (243d)
599,VTR.N,VTR.N,,,226,0.55,,0.0,-0.3046016536024107,0.09771251054254594,-0.47702200966453506,0.4065884476534296,0.014992703256861,2,91.17,46765319550.03,146.19153348900673,2.848288220949781,53.751053054558184,0.019483263859216345,1.0084177316682073,2025-12-31,243,-0.783063379106619,stale fundamentals (243d)
443,OTIS.N,OTIS.N,,,227,0.548,,0.0,-0.31598756319184174,-0.317125214878408,-0.31549999818331337,-0.16753442091866255,0.035513409181998794,2,71.13,27077010083.07,24.59658929541185,-6.31336787552856,17.46991663263311,-0.25667655786350146,-1.475519287833828,2025-12-31,243,-0.19776999927310993,stale fundamentals (243d)
523,SPG.N,SPG.N,,,228,0.546,,0.0,-0.3166716757969314,0.08302147381826168,-0.48796873991772843,0.38625649703855913,0.013601966289759121,2,212.32,68698156224.799995,13.009342739992032,11.558965586198713,27.91222435743448,0.8885126495026754,5.45866207345705,2025-12-31,243,-0.3819050548810802,stale fundamentals (243d)
120,CMI.N,CMI.N,,,229,0.544,,0.0,-0.3191570332524116,0.3351229510381237,-0.5995627408054982,0.7351573187414502,-0.0005755916432271206,2,564.4,77697836462.8,24.795337671473796,5.708409182929792,19.3181051980198,0.2302210705320269,0.6115474937241882,2025-12-31,243,-0.3609892945056703,stale fundamentals (243d)
555,TROW.OQ,TROW.OQ,,,230,0.542,,0.0,-0.31973302319824104,-0.14147987626739997,-0.3961272290257444,0.07555341674687188,0.025270051768956175,2,111.28,23737787788.0,10.723141200709119,2.0607791825121318,9.141835543766579,0.19218055082365723,0.0020073479986372133,2025-12-31,243,0.6199592980115036,stale fundamentals (243d)
84,BRKb.N,BRKb.N,,,231,0.54,,0.0,-0.326761636792492,-0.1421226296167697,-0.40589263986780155,0.07466386554621862,0.024029396564812042,2,504.03,709691962198.83,10.304145903541244,0.9618480175021152,14.1131813037276,0.09334572962243821,0.17992414474665433,2025-12-31,243,0.8393831205083729,stale fundamentals (243d)
333,KIM.N,KIM.N,,,232,0.538,,0.0,-0.3278594521315286,-0.07795471463997516,-0.4349614824850515,0.16347031963470338,0.020336319903232394,2,23.71,15904416033.83,23.367381563273312,1.3148654446326906,30.44517110439655,0.056269267528856304,0.7877273082446644,2025-12-31,243,-0.121295330620183,stale fundamentals (243d)
502,RTX.N,RTX.N,,,233,0.536,,0.0,-0.3310524136900863,0.06311903334520005,-0.49998303384806625,0.35871212121212115,0.01207559975691482,2,207.73,279969799253.12,36.56796788152109,3.7730946398712546,25.128665172790804,0.10318032033105985,0.5809487317035789,2025-12-31,243,-0.5004229088651725,stale fundamentals (243d)
230,FERG.N,FERG.N,,,234,0.534,,0.0,-0.3325028603895763,-0.1676782255908136,-0.40314198958904607,0.039295693440368984,0.024378855347275272,2,224.51,43432069493.67,55.247245310190834,7.41409165337374,,0.1341983950828069,0.7044562062489329,2025-12-31,243,-0.7357149212920766,stale fundamentals (243d)
553,TRGP.N,TRGP.N,,,235,0.532,,0.0,-0.3389478709236986,0.2485933731583264,-0.5907512612445665,0.6154029993427734,0.0005438705228087726,2,293.65,62967669316.649994,20.595166436817472,12.90932072688158,16.950579529257926,0.6268131295022654,5.682225626650151,2025-12-31,243,-0.336979648182072,stale fundamentals (243d)
220,EXR.N,EXR.N,,,236,0.53,,0.0,-0.3406060541452723,-0.20236154255963948,-0.39985370196768644,-0.008704968528190804,0.024796618738508396,2,141.1,29810134633.8,28.230671726398075,2.046922224503144,27.44647722254048,0.07250703222159244,0.9953860467443043,2025-12-31,243,-0.3602447179771707,stale fundamentals (243d)
264,GOOGL.OQ,GOOGL.OQ,,,237,0.528,,0.0,-0.3410181963892479,0.39071118757277445,-0.6546165038015432,0.8120897572889634,-0.007569945354859887,2,339.35,2274663050000.0,15.769592191874102,5.0191251369607475,15.789158452813167,0.3182786895115175,0.12291669175105083,2025-12-31,243,-0.17028751456486965,stale fundamentals (243d)
263,GOOG.OQ,GOOG.OQ,,,238,0.526,,0.0,-0.34217613727027296,0.38657944891363605,-0.6544999599205198,0.8063715559157212,-0.007555138935054162,2,335.41,1853811070000.0002,12.88961337671181,4.102489253849961,12.974535452051553,0.3182786895115175,0.12291669175105083,2025-12-31,243,0.07240492215527254,stale fundamentals (243d)
95,CAT.N,CAT.N,,,239,0.524,,0.0,-0.34311953710272797,0.43755735123139755,-0.6776953463887818,0.8769234313093153,-0.010502017197466471,2,797.47,366576933730.83,30.00328161670869,12.503478463403697,24.46929515815224,0.4167370297401257,2.03255464865372,2025-12-31,243,-0.617181913197758,stale fundamentals (243d)
77,BKNG.OQ,BKNG.OQ,,,240,0.522,,0.0,-0.34425426745735255,-0.2978224676851616,-0.364153610216863,-0.1408200024586177,0.029332168275075777,2,199.09,149592343745.0,1.2777403144629904,-1.2378825133305844,2.6106380964330214,-0.9688060236643958,-3.3599856579419147,2025-12-31,243,3.8535385905419077,stale fundamentals (243d)
61,AXP.N,AXP.N,,,241,0.52,,0.0,-0.3442637352106478,-0.11786450262208217,-0.4412919777486045,0.10823637981609036,0.019532056568021563,2,330.17,222967047561.61002,23.427093141327425,7.581576746131547,33.69874364560639,0.3236243054310903,6.280874708729346,2025-12-31,243,-0.5801791129781614,stale fundamentals (243d)
589,VMRK.N,VMRK.N,,,242,0.518,,0.0,-0.3465789136157614,-0.18334668019508565,-0.4165355850817653,0.017611026033690802,0.022677254235043603,2,65.14,50403971876.8,21.263400627914386,2.1570351223072155,37.4038336692662,0.10144356305244424,0.7463684957993475,2025-12-31,243,-0.36610525433578356,stale fundamentals (243d)
355,LLY.N,LLY.N,,,243,0.516,,0.0,-0.34814264959357644,0.17349742414768368,-0.5717026811969736,0.5114724765814123,0.0029639141184987735,2,1156.73,1088895957797.4501,49.224080231238375,38.28848750604102,35.64412769304822,0.7778405879027994,1.6017712455248394,2025-12-31,243,-0.889309741374506,stale fundamentals (243d)
303,INCY.OQ,INCY.OQ,,,244,0.514,,0.0,-0.3505257454779154,0.1949767588246221,-0.5843125330361457,0.5411992263056093,0.0013618844076361883,2,123.22,24976416262.12,15.070760016562389,3.752467523869477,14.466915291490473,0.24898993280668055,0.006717977318916501,2025-12-31,243,-0.03906517591864701,stale fundamentals (243d)
225,FCX.N,FCX.N,,,245,0.512,,0.0,-0.3538359432276138,0.23757456054517995,-0.6072975877016683,0.6001532958610118,-0.0015582720660172109,2,75.74,108763967192.01999,33.09025327649727,3.8589829208635376,12.511007481592946,0.11661992698026351,0.49626964389650247,2025-12-31,243,-0.19623666340309007,stale fundamentals (243d)
46,APA.OQ,APA.OQ,,,246,0.51,,0.0,-0.3539839489256592,0.4656559831693646,-0.7052582055378123,0.9158110882956878,-0.014003764865579228,2,43.15,15117667656.5,6.02118549511855,1.4170983095355325,4.770123546511628,0.23535204332840964,0.7374035778762514,2025-12-31,243,2.1858255380378604,stale fundamentals (243d)
278,HII.N,HII.N,,,247,0.508,,0.0,-0.35433944061601946,-0.006208457719033208,-0.5035384332861564,0.26276496982825326,0.011623900910136082,2,291.2,11474618937.6,22.05762989568595,2.630566940053223,26.26000996217676,0.1192588212103292,0.5322294500295683,2025-12-31,243,-0.15414356353019573,stale fundamentals (243d)
569,UAL.OQ,UAL.OQ,,,248,0.506,,0.0,-0.3544325880892295,0.05286851171488819,-0.5289902022909942,0.34452570921985815,0.008390358545022986,2,107.99,35051801538.28,10.796415726209364,2.3688248874479614,11.606446700717147,0.21940845439078502,1.4225232299437147,2025-12-31,243,0.7319789591925098,stale fundamentals (243d)
390,MO.N,MO.N,,,249,0.504,,0.0,-0.35458248115668733,-0.11582650235051867,-0.45690647207361673,0.11105691056910572,0.01754829941148962,2,68.48,114344064052.48001,13.896817763785805,-27.567445175619643,10.028727892126332,-1.9837235865219873,-7.341233580810965,2025-12-31,243,0.4407934207163926,stale fundamentals (243d)
594,VRT.N,VRT.N,,,250,0.502,,0.0,-0.3557117406400737,0.2920829912627874,-0.6333380543127285,0.6755913158077271,-0.004866606035973118,2,258.72,99604140118.56001,46.50174196938775,15.725146955776012,34.246633785518256,0.3381625352041205,0.739096237282115,2025-12-31,243,-0.8188825509161505,stale fundamentals (243d)
152,CVX.N,CVX.N,,,251,0.5,,0.0,-0.35576708572006216,0.007530382407274507,-0.5114660006317779,0.28177910914300597,0.010616736148445764,2,206.14,407285490422.36,24.536287503049028,1.6185132743362831,18.68990014732362,0.06596406543309198,0.21860016090104586,2025-12-31,243,0.021685915919253916,stale fundamentals (243d)
136,CPT.N,CPT.N,,,252,0.498,,0.0,-0.35762668738216796,-0.20451400401333564,-0.42324640882595327,-0.011683910096325412,0.02182467173370493,2,105.8,10637063230.0,30.454659238104156,2.6839191907985356,51.80665644436479,0.0881283605840015,0.8941591826564582,2025-12-31,243,-0.5863293212558354,stale fundamentals (243d)
232,FICO.N,FICO.N,,,253,0.496,,0.0,-0.35935431771904164,-0.3875323609378294,-0.3472780134824183,-0.26497578217044115,0.031476143295712605,2,1147.21,24777022848.350002,55.09994894313333,-20.576538285194502,41.6608846104393,-0.3734402423209286,-1.7544541592774363,2025-09-30,335,-0.8522825160571901,stale fundamentals (335d)
458,PGR.N,PGR.N,,,254,0.494,,0.0,-0.36048242946081366,-0.28661951932885404,-0.3921379623745107,-0.12531546067601684,0.025776871657194406,2,218.08,126573632000.0,11.802855677396533,4.401500247337005,6.8147638976549985,0.37291824687530917,0.2274511097186954,2025-12-31,243,0.7195154177082929,stale fundamentals (243d)
177,DOW.N,DOW.N,,,255,0.492,,0.0,-0.3609415529032778,-0.003651047801400017,-0.5140660550897969,0.2663043478260869,0.010286409944400497,2,30.52,22045838499.72,-6.392931763606557,1.047517492250125,100.37258625270115,-0.16385557221389305,1.134495252373813,2025-12-31,243,0.6441827134011034,stale fundamentals (243d)
251,GD.N,GD.N,,,256,0.49,,0.0,-0.3610431206230659,-0.03118247971807789,-0.5024119667252037,0.22820167851880324,0.011767013844527061,2,371.35,100471414363.25,21.62218913656532,3.5527833996151745,18.565051580459297,0.16431191944422763,0.32803840449613614,2025-12-31,243,-0.19913372636623186,stale fundamentals (243d)
307,INVH.N,INVH.N,,,257,0.488,,0.0,-0.3668695010357556,-0.23429502038233146,-0.42368713560150884,-0.052899936265137004,0.02176867921310931,2,29.14,17210760805.64,28.87077047761275,1.7810686003383793,33.585528067141,0.06169106576907854,0.8807361744832076,2025-12-31,243,-0.34927008125874914,stale fundamentals (243d)
18,AES.N,AES.N,,,258,0.486,,0.0,-0.36744898725859443,-0.10768524901335357,-0.4787763036494119,0.12232415902140681,0.014769827435542483,2,14.74,10516085406.2,11.221773996659339,2.5133680376470586,17.810308320142095,0.22397243416194929,7.358355894659119,2025-12-31,243,0.3622853549602577,stale fundamentals (243d)
564,TXN.OQ,TXN.OQ,,,259,0.484,,0.0,-0.36915707341817494,0.13264849424361466,-0.5842166024160848,0.4549387927395525,0.0013740719975840535,2,260.91,238275453754.26,31.464793041391722,9.669724697351441,27.915868078175897,0.3073188717507528,0.8632704479813188,2025-12-31,243,-0.6826642544159038,stale fundamentals (243d)
367,LYV.N,LYV.N,,,260,0.482,,0.0,-0.37083710495574207,-0.09190618761654197,-0.49037892667254207,0.14416190288455222,0.013295761994959689,2,179.89,41907085354.45,67.64002011202246,123.78852227064246,27.97554341860582,1.8301077093949603,30.256222164003145,2025-12-31,243,-0.7080944060387724,stale fundamentals (243d)
407,MTD.N,MTD.N,,,261,0.48,,0.0,-0.3734927068429687,-0.11022533800161864,-0.4863215792035473,0.11880875266608726,0.013811231270532841,2,1405.14,28154170513.260002,32.76732985027491,-1204.9895809168218,25.796641774891956,-36.77411575562701,-91.05483161279405,2025-12-31,243,-0.5658133645365458,stale fundamentals (243d)
52,ARE.N,ARE.N,,,262,0.478,,0.0,-0.37429412150661195,-0.442202944008451,-0.3451903404343952,-0.34063821607074196,0.03174137355314596,2,51.29,8937157865.3,-5.838209895283197,0.5395017423967701,31.976074560085323,-0.09240876091704821,0.8015836386002132,2025-12-31,243,0.7619723417606689,stale fundamentals (243d)
231,FFIV.OQ,FFIV.OQ,,,263,0.476,,0.0,-0.3749709252326946,0.05424663564572988,-0.5589213084663052,0.3464329910699353,0.00458773485178698,2,407.13,23054624607.66,26.925809468788817,5.190116133105827,23.55586886066161,0.19275617838423675,0.0,2025-09-30,335,-0.5166324111808822,stale fundamentals (335d)
402,MSCI.N,MSCI.N,,,264,0.474,,0.0,-0.3750071315893946,-0.17915619282535267,-0.45894324820255544,0.023410533846016435,0.017289535397879304,2,570.64,41485528000.0,35.12131114816956,-15.907286384835038,28.261990339449813,-0.45292404710420636,-2.3364824037309666,2025-12-31,243,-0.6401709748755805,stale fundamentals (243d)
580,V.N,V.N,,,265,0.472,,0.0,-0.3772895031917326,-0.1647321704832211,-0.46838550292395187,0.04337294462967711,0.01608993584713606,2,379.37,708301719026.2,32.63432304766178,17.267119989712207,25.26483002007062,0.5291091825160252,0.6639848057189586,2025-09-30,335,-0.7107703764902646,stale fundamentals (335d)
27,ALB.N,ALB.N,,,266,0.47,,0.0,-0.3774232072792656,0.315247197347437,-0.674281952119281,0.7076498766148933,-0.010068359522152535,2,134.97,15927142543.289999,-32.60130673915258,1.7461977022384017,232.92105207203397,-0.053562199705979995,0.33498570546706224,2025-12-31,243,-0.49666723349330627,stale fundamentals (243d)
37,AMGN.OQ,AMGN.OQ,,,267,0.468,,0.0,-0.37744031822804486,0.00482166645483904,-0.541266883092138,0.27803032816803275,0.0068306568415412786,2,429.88,232406886309.4,22.856971654131762,20.356907879996538,19.935587946892056,0.8906213906213907,6.306768306768307,2025-12-31,243,-0.5119322401575604,stale fundamentals (243d)
167,DHI.N,DHI.N,,,268,0.466,,0.0,-0.378340830521836,-0.19733217075989756,-0.4559159704198096,-0.0017444700300048854,0.01767413856474027,2,144.56,40433615157.520004,13.91964302658429,2.0629962373052946,11.49237975499537,0.14820755340961703,0.24660609167272968,2025-09-30,335,0.39973689837014703,stale fundamentals (335d)
439,ON.OQ,ON.OQ,,,269,0.464,,0.0,-0.3793167681687517,0.09718401067034664,-0.5835313876712225,0.40585701981050826,0.0014611257071431409,2,74.09,28844105408.890003,180.07265297355372,2.8395593825081775,33.00970710930635,0.015768965112793715,0.39159162290018634,2025-12-31,243,-0.6772832526857714,stale fundamentals (243d)
415,NEM.N,NEM.N,,,270,0.462,,0.0,-0.38280566527744897,0.16804895002276313,-0.6188862146918256,0.5039319531375379,-0.003030559368288565,2,126.06,132828447682.26001,15.379337847967536,3.2173681947869603,10.485273103235697,0.209200696843535,0.16502790326866862,2025-12-31,243,0.15995206815764051,stale fundamentals (243d)
450,PCAR.OQ,PCAR.OQ,,,271,0.46,,0.0,-0.3866020559111915,0.06205747718418771,-0.5788847129520683,0.357242959583457,0.0020514665812265374,2,124.13,65337681615.89,24.217759912450543,2.9867397217607974,17.87035777956871,0.12332848837209302,0.8117317275747509,2025-12-31,243,-0.1995814759471843,stale fundamentals (243d)
389,MNST.OQ,MNST.OQ,,,272,0.458,,0.0,-0.38763449783273873,0.22226448437313726,-0.6490197759209714,0.5789646133682831,-0.006858904141795321,2,45.92,89820264822.40001,19.6784570926698,4.54270308251358,15.161804738190108,0.23084650697567805,0.0,2025-12-31,243,-0.21658800952643864,stale fundamentals (243d)
334,KKR.N,KKR.N,,,273,0.456,,0.0,-0.3879566614485951,-0.43143297096030464,-0.36932395737214824,-0.32573289902280134,0.028675296976040376,2,109.72,98488578141.72,47.93567024956728,3.6770328746151493,370.2870885033363,0.07670765539464512,1.7389195995762292,2025-12-31,243,-0.8502488334516396,stale fundamentals (243d)
513,SLB.N,SLB.N,,,274,0.454,,0.0,-0.3894276204638372,0.12999977582124142,-0.612039361728871,0.4512730465320456,-0.0021606949152831382,2,60.1,89197008183.1,17.00972803624778,2.1981241102416793,12.273617068687768,0.1292274694549772,0.44567007545290893,2025-12-31,243,0.2298091592318308,stale fundamentals (243d)
321,JCI.N,JCI.N,,,275,0.452,,0.0,-0.39108874605644767,0.10012059881254329,-0.6016070367145867,0.4099211690059603,-0.000835311013916382,2,138.24,83737700812.8,21.862558227894258,5.565845062891622,28.935530101838754,0.2545834300301694,0.7642917923725536,2025-09-30,335,-0.4820281579192676,stale fundamentals (335d)
222,FANG.OQ,FANG.OQ,,,276,0.45,,0.0,-0.39189066763087627,0.05251736667293647,-0.5823512537610818,0.3440397350993376,0.0016110568570848654,2,200.48,56139282289.439995,25.711029158437505,1.1571771210548525,11.645415315095569,0.0450070323488045,0.3918911608785027,2025-12-31,243,0.3616468396053317,stale fundamentals (243d)
173,DLR.N,DLR.N,,,277,0.448,,0.0,-0.3924977652680187,-0.1503462873423437,-0.49627697009330807,0.06328257191201359,0.01254643988423731,2,185.59,68853653743.93001,40.617568594875856,2.3184369180511815,85.22522821729245,0.05707965784893549,0.8175451676141274,2025-12-31,243,-0.6591051744030683,stale fundamentals (243d)
295,HWM.N,HWM.N,,,278,0.446,,0.0,-0.3926494173879255,0.14283239017075852,-0.6221416206273616,0.46903299677318633,-0.003444145276843504,2,244.95,97686402685.05,54.6623375034748,15.398992145570709,40.13183331231925,0.28171118998692324,0.5697739585279282,2025-12-31,243,-0.8877233713147127,stale fundamentals (243d)
42,ANET.N,ANET.N,,,279,0.444,,0.0,-0.3934777791373976,0.1487255551870919,-0.625850636705036,0.47718895896469804,-0.003915360484625965,2,195.69,246809051367.12,46.99097873272769,13.338516852358433,42.790415892248646,0.28385271411826524,0.0,2025-12-31,243,-0.8820426917306341,stale fundamentals (243d)
38,AMP.N,AMP.N,,,280,0.442,,0.0,-0.393785965895662,-0.1598012350325136,-0.4940651362655828,0.05019721019721035,0.01282744425706423,2,553.11,48857986761.090004,12.564704462531575,6.835859215147351,13.611879658009356,0.5440525271033746,6.048557031607879,2025-12-31,243,0.03427063208358341,stale fundamentals (243d)
162,DECK.N,DECK.N,,,281,0.44,,0.0,-0.3952504102419007,-0.2857056064686486,-0.4421981832875802,-0.1240506329113924,0.01941692688877526,2,87.08,11858716107.56,13.873815973101475,5.683932072320072,11.25009014737474,0.40968772278225885,0.0,2026-03-31,153,0.10595417146757907,
48,APH.N,APH.N,,,282,0.438,,0.0,-0.3957386635299798,0.1820920246519034,-0.6433803870365012,0.5233671438051,-0.006142443023991852,2,79.275,97744763553.675,19.36852930135119,6.166317307375625,16.2338309821085,0.3183678642521117,1.1557358105136024,2025-12-31,243,-0.27122778633081407,stale fundamentals (243d)
549,TMO.N,TMO.N,,,283,0.436,,0.0,-0.3963045521142761,-0.04919210444855811,-0.5450670296852982,0.20327690244720076,0.006347863877315949,2,617.1,228171050190.6,32.47859686521707,4.076243910791532,31.70807039806981,0.12550554224086516,0.7374363391252385,2025-12-31,243,-0.5902518387849497,stale fundamentals (243d)
462,PKG.N,PKG.N,,,284,0.434,,0.0,-0.39666495275784697,-0.02343383703970279,-0.5566211452084802,0.2389255656906717,0.004879961114701768,2,233.94,20843656068.06,23.971025096770443,4.035661271729013,18.336836109229267,0.16835580687255328,0.8643975641583297,2025-12-31,243,-0.2749145807005654,stale fundamentals (243d)
371,MAR.OQ,MAR.OQ,,,285,0.432,,0.0,-0.3970985742775919,0.07896850555353227,-0.601127322776645,0.3806473115094058,-0.0007743653350060284,2,341.76,89119486586.88,32.00825101145713,-22.077290077114824,24.02934546528147,-0.6897374701670644,-4.297003447361442,2025-12-31,243,-0.47295542297145027,stale fundamentals (243d)
242,FOXA.OQ,FOXA.OQ,,,286,0.43,,0.0,-0.3990613921057436,-0.15998281648316467,-0.5015236388011346,0.04994590695997103,0.011879872246473286,2,67.35,13482709753.199999,5.30032810536456,1.0027288498946665,5.759257510820689,0.18918241096806554,0.5519143955860224,2025-06-30,427,2.3982955549285827,stale fundamentals (427d)
7,ABNB.OQ,ABNB.OQ,,,287,0.428,,0.0,-0.4004316144024826,-0.1061472593821241,-0.5265534808397792,0.12445269016697602,0.008699933963650507,2,183.22,108023888656.04,32.77331297663082,10.03705194344676,32.24666751504208,0.3062568605927552,0.2438102207586291,2025-12-31,243,-0.7198648826435499,stale fundamentals (243d)
475,PSA.N,PSA.N,,,288,0.426,,0.0,-0.400768684763613,-0.10715673699642399,-0.5266023766638369,0.12305560367226764,0.008693721950704076,2,306.99,57352203963.18,25.523223641632686,4.924489913904738,24.73656600170419,0.1929415336811947,1.1087520631202337,2025-12-31,243,-0.5243462276819895,stale fundamentals (243d)
356,LMT.N,LMT.N,,,289,0.424,,0.0,-0.400797638354655,0.08706352814466273,-0.6098809954257911,0.3918505780070698,-0.001886483371122313,2,561.23,129526694306.19,22.308186563946585,16.652309476464566,13.713071838189656,0.746466299657778,3.228686207409564,2025-12-31,243,-0.21446944945790633,stale fundamentals (243d)
394,MPWR.OQ,MPWR.OQ,,,290,0.422,,0.0,-0.4011909723338466,0.49182035812104746,-0.7839101139573726,0.9520217920989953,-0.02399616570511624,2,1267.77,62302021110.0,71.03635858100704,12.501182710901354,60.55652840188962,0.17598287638358465,0.0,2025-12-31,243,-0.9759097015231881,stale fundamentals (243d)
80,BLK.N,BLK.N,,,291,0.42,,0.0,-0.40507616822429326,-0.21179795606801416,-0.48790968771984156,-0.02176467949580585,0.013609468628146047,2,1155.61,187759105303.46,29.905316754737978,2.9713753209823217,22.206907231970693,0.09935943315201833,0.22845691382765532,2025-12-31,243,-0.42062416183884155,stale fundamentals (243d)
592,VRSK.OQ,VRSK.OQ,,,292,0.418,,0.0,-0.40531841001701474,-0.4075383368582009,-0.4043670127993636,-0.29266344792536403,0.02422322119673526,2,193.78,25221632005.36,34.08365465838379,100.18829620132686,26.30463045409727,2.9394822006472494,15.330744336569579,2025-12-31,243,-0.7556465556128806,stale fundamentals (243d)
241,FOX.OQ,FOX.OQ,,,293,0.416,,0.0,-0.4057627894956949,-0.1823208077830022,-0.5015236388011346,0.01903080243280364,0.011879872246473286,2,60.22,13263380568.08,5.374745170459567,1.0168072496865073,5.811411681867451,0.18918241096806554,0.5519143955860224,2025-06-30,427,2.3536138459085674,stale fundamentals (427d)
395,MRK.N,MRK.N,,,294,0.414,,0.0,-0.4064689687778563,0.23216060888083054,-0.6801673592030079,0.5926605504587155,-0.010816076238328544,2,147.76,364549281230.88,14.312353026150982,4.96630977719956,11.513815693185053,0.34699463939474584,0.9378968178534768,2025-12-31,243,0.06031349264449411,stale fundamentals (243d)
571,UDR.N,UDR.N,,,295,0.412,,0.0,-0.40869956784616146,-0.22567137123639053,-0.4871402235360633,-0.04096506659964827,0.01370722588172678,2,36.95,11870713002.900002,31.87960745430284,3.6616069317267463,50.949466055660295,0.1148573406048177,1.7702406170422527,2025-12-31,243,-0.667142273793655,stale fundamentals (243d)
366,LYB.N,LYB.N,,,296,0.41,,0.0,-0.410012336820651,-0.15641381173607366,-0.5186974189997556,0.05488530161427363,0.009698014245529392,2,65.08,21023309916.16,-18.89241192411924,1.382920055544535,32.34729241877256,-0.07319976195199365,1.2832771275540567,2025-12-31,243,0.5386309320306116,stale fundamentals (243d)
143,CSX.OQ,CSX.OQ,,,297,0.408,,0.0,-0.41312989573411346,0.11330401576250826,-0.6387444292326657,0.42816661943893464,-0.005553463689835184,2,50.51,93568508057.67,23.365339098303913,5.131316203344736,18.436598645677694,0.21961231470923603,1.4346636259977195,2025-12-31,243,-0.37936886828814276,stale fundamentals (243d)
63,BA.N,BA.N,,,298,0.406,,0.0,-0.41313367518096245,-0.22710615330637615,-0.49285975598435655,-0.04295076160113365,0.012980582854411872,2,207.78,164223082755.6,76.2298382024161,31.238300033443345,-41.79327655602309,0.4097909790979098,9.918958562522919,2025-12-31,243,-0.8075992093775969,stale fundamentals (243d)
313,IRM.N,IRM.N,,,299,0.404,,0.0,-0.4134733011167644,-0.01629867921740272,-0.5836909962164909,0.248800408371618,0.0014408480992149225,2,115.35,34340019364.199997,169.57589530779924,-24.993856596792888,29.169117384501963,-0.14739038559357884,-16.750093526345886,2025-12-31,243,-0.790932400454969,stale fundamentals (243d)
26,AKAM.OQ,AKAM.OQ,,,300,0.402,,0.0,-0.41510430662576003,0.14752804590438845,-0.6562324577101094,0.47553164232641554,-0.007775245639583737,2,108.62,15610498069.58,27.98757164884709,2.5417534678447717,26.503467026866296,0.09081722057688688,0.8248038974792115,2025-12-31,243,-0.3670129603790194,stale fundamentals (243d)
279,HLT.N,HLT.N,,,301,0.4,,0.0,-0.41534663266226124,-0.07127827679904097,-0.5628044994607843,0.17271030773171359,0.004094391438600775,2,316.28,71183529734.79999,45.824983825326015,-12.391796851057906,28.301145004828328,-0.2704157386785449,-2.294543429844098,2025-12-31,243,-0.6666778471604916,stale fundamentals (243d)
157,DASH.OQ,DASH.OQ,,,302,0.398,,0.0,-0.41586783110728465,-0.34710985634425034,-0.44533553457715647,-0.2090322580645162,0.019018339336485335,2,231.74,100412463920.38,104.39844340440641,9.72914826902422,102.80383666303278,0.09319246486594239,0.27150403667895945,2025-12-31,243,-1.0195345434449892,stale fundamentals (243d)
184,DVA.N,DVA.N,,,303,0.396,,0.0,-0.41701548463866134,0.28133613470574204,-0.7163090357862627,0.6607179912844989,-0.015407727308081563,2,176.01,11229438000.0,10.428254693674235,-11.961399470420009,8.764878878393102,-1.1470183479193097,-15.778640785646047,2025-12-31,243,1.3141123499886718,stale fundamentals (243d)
255,GEN.OQ,GEN.OQ,,,304,0.394,,0.0,-0.41882826324579686,-0.25394421954856616,-0.48949285340175286,-0.08009383378016088,0.013408333952498144,2,31.0,18556197992.0,8.130067980133433,4.985209866,15.994955019444445,0.3726541554959786,3.1390271926464957,2026-04-03,150,0.26957302402205724,
150,CVNA.N,CVNA.N,,,305,0.392,,0.0,-0.4195231031040521,-0.24326903693539237,-0.4950605600334777,-0.06531970382805241,0.012700979769502801,2,73.46,80840068544.2,13.097857111584933,5.355618993315897,12.516578923976608,0.40889276373147343,1.4864864864864864,2025-12-31,243,0.2613510698772652,stale fundamentals (243d)
218,EXPD.N,EXPD.N,,,306,0.39,,0.0,-0.42152118604977784,0.17062529071379298,-0.6752982475198797,0.5074975307533445,-0.010197475664636814,2,189.65,24652721462.3,24.619606334193886,8.46908446264762,18.954093065766248,0.3439975581934877,0.0,2025-12-31,243,-0.37516543611678277,stale fundamentals (243d)
109,CHRW.OQ,CHRW.OQ,,,307,0.388,,0.0,-0.4258540229612053,0.174494227679683,-0.6831461303787288,0.5128520225294417,-0.01119451684066314,2,149.66,17487959272.28,32.349424926509286,10.290013602427766,24.058526303829012,0.31808953716501587,0.5902743048914554,2025-12-31,243,-0.46332196742466764,stale fundamentals (243d)
159,DD.N,DD.N,,,308,0.386,,0.0,-0.42635198901623167,0.17406871754499414,-0.6836751489710428,0.5122631293691435,-0.011261726472726602,2,134.59,18175434005.25,-63.349127942233636,3.545439375458007,57.930507901874314,-0.05596666427185861,0.2294705079387887,2025-12-31,243,-0.7211734994600038,stale fundamentals (243d)
459,PH.N,PH.N,,,309,0.384,,0.0,-0.42751072215959113,0.04526501870997251,-0.6301288968179756,0.3340027048071801,-0.004458895801229465,2,979.44,123455933037.36,25.27587155306712,6.523103526814793,23.567113717742167,0.25807630463382547,0.6786288554304927,2025-06-30,427,-0.5150437055707003,stale fundamentals (427d)
5,ABBV.N,ABBV.N,,,310,0.382,,0.0,-0.4292885067690395,0.039157933880947314,-0.6300512670476053,0.3255506840631768,-0.00444903325881685,2,256.42,453124214219.7,95.55838016225272,-123.49532555521579,21.926205552925197,-1.292354740060764,-20.640978593265814,2025-12-31,243,-0.6834294964615991,stale fundamentals (243d)
262,GNRC.N,GNRC.N,,,311,0.38,,0.0,-0.43023984807003424,-0.1317599326141793,-0.5581598118368293,0.08900552486187863,0.0046844798604279625,2,185.38,10938599202.18,50.15073373472304,3.039691269222792,20.073276256104357,0.060611102627162364,0.5064028487833637,2025-12-31,243,-0.3895013009261263,stale fundamentals (243d)
50,APP.OQ,APP.OQ,,,312,0.378,,0.0,-0.4302439394831968,-0.13125595947343136,-0.5583816452016677,0.08970300845008383,0.004656296845602383,2,312.06,104431191060.0,68.38005167752482,106.79025744950863,55.33465148500706,1.5617165361781746,1.7031383290446163,2025-12-31,243,-1.0148824923177564,stale fundamentals (243d)
209,ESS.N,ESS.N,,,313,0.376,,0.0,-0.43111154943650676,-0.1538690235605683,-0.549929774811909,0.05840721150264483,0.0057300721483931226,2,282.96,18185397499.44,25.181482350903288,3.0431421243691994,39.504333924865904,0.12084841082677719,1.2271814633632248,2025-12-31,243,-0.5336941620622236,stale fundamentals (243d)
435,ODFL.OQ,ODFL.OQ,,,314,0.374,,0.0,-0.43300512713348105,0.12796002188593575,-0.6734187624275169,0.44845008876143644,-0.009958694829025805,2,199.96,41463030135.12,32.027487694380106,7.605242805929033,24.11869573393973,0.23745986193177218,0.009277307166200772,2025-12-31,243,-0.6106814693266822,stale fundamentals (243d)
578,URI.N,URI.N,,,315,0.372,,0.0,-0.43333443536139526,-0.032884051257966444,-0.6049560285485791,0.2258467549578611,-0.001260786625201948,2,1038.0,64607703582.0,20.87916511188452,5.806493955066904,19.77382576470027,0.278099910793934,1.5866413916146298,2025-12-31,243,-0.3617676954438187,stale fundamentals (243d)
69,BDX.N,BDX.N,,,316,0.37,,0.0,-0.43585450045851326,-0.07980561032288301,-0.588446881945212,0.16090873597492306,0.0008366324164255067,2,188.11,51238680948.0,25.017503682786295,1.6533820866370776,15.718419732643383,0.06608901142181961,0.7554549035053171,2025-09-30,335,0.05630782455242576,stale fundamentals (335d)
431,NWS.OQ,NWS.OQ,,,317,0.368,,0.0,-0.43718237658723713,-0.2445728235006788,-0.5197293279100479,-0.06712410501193322,0.009566914470981963,2,34.41,6194885016.119999,5.492784404144068,0.7387150213004331,8.72260908769628,0.13448826077045817,0.22361522680647367,2025-06-30,427,2.180621418077029,stale fundamentals (427d)
249,FTV.N,FTV.N,,,318,0.366,,0.0,-0.4377684558165765,-0.0569444902950017,-0.6009787267543942,0.19254783484390736,-0.0007554868227445007,2,58.84,17770683339.68,29.873642955801106,2.6811934794062044,27.265107684126562,0.08975113893451514,0.4967923885083832,2025-12-31,243,-0.4292349123401233,stale fundamentals (243d)
185,DVN.N,DVN.N,,,319,0.364,,0.0,-0.44057423469273305,0.04727835367811732,-0.6496539154230976,0.3367890995260665,-0.006939468952246317,2,48.51,53361000000.0,8.697198713096139,1.479778400309119,8.065261819116136,0.17014425553838228,0.5417310664605873,2025-12-31,243,1.1276374563635747,stale fundamentals (243d)
132,CPAY.N,CPAY.N,,,320,0.362,,0.0,-0.44091555702517166,-0.07983792206626579,-0.5956631148647028,0.16086401749908852,-8.016023783996226e-05,2,404.3,26546175875.7,19.67841293077566,5.420498192542273,14.942480269226902,0.2754540323760049,2.5751898109717537,2025-12-31,243,-0.23798407294273782,stale fundamentals (243d)
622,WY.N,WY.N,,,321,0.36,,0.0,-0.44095049797139696,-0.21050023775222762,-0.5397148952081838,-0.019968676585747747,0.007027830506442678,2,23.37,16843600320.0,52.68326972222222,1.810882600254615,35.298098738317755,0.03437301082113304,0.593252705283259,2025-12-31,243,-0.41414592185257654,stale fundamentals (243d)
270,HAL.N,HAL.N,,,322,0.358,,0.0,-0.44581820716137344,0.12166079040213382,-0.6890234918314481,0.439732142857143,-0.011941211392575729,2,36.85,30700854023.95,18.538088853156665,2.273622789274448,9.787851571886794,0.12264601854507218,0.7017493547462001,2025-12-31,243,0.4128318861924681,stale fundamentals (243d)
496,ROK.N,ROK.N,,,323,0.356,,0.0,-0.4470469556697835,0.06911424379576149,-0.6682588982978742,0.367009311199066,-0.009303155355197656,2,424.43,47132389554.68,45.22346925593786,10.755116251617405,33.169418707808106,0.2378215654077723,0.8823207443897099,2025-09-30,335,-0.7736715165192612,stale fundamentals (335d)
97,CBOE.Z,CBOE.Z,,,324,0.354,,0.0,-0.4474188840077297,0.00887464168464653,-0.6429732521616053,0.28363952333664355,-0.006090718215942519,2,300.2,31350191903.8,23.878711353636362,5.111920769320593,18.216739523371245,0.2140785863028628,0.28081272016036435,2025-12-31,243,-0.38796114344464216,stale fundamentals (243d)
111,CI.N,CI.N,,,325,0.352,,0.0,-0.4477379221385266,-0.24170163964886984,-0.5360391860626652,-0.06315047337675417,0.007494814205752894,2,276.08,72951513374.87999,12.172770978680544,1.7383836386737948,10.135120062384248,0.14280919617385468,0.7542732481480594,2025-12-31,243,1.413030171764797,stale fundamentals (243d)
603,WAT.N,WAT.N,,,326,0.35,,0.0,-0.449555513751508,-0.007042273440572332,-0.6392040453133376,0.2616109940816531,-0.005611856018802861,2,414.63,40736614263.93,35.18839064872578,8.828951069129744,30.000606111646775,0.2509052248869884,0.5495166017112011,2025-12-31,243,-0.7097110663277448,stale fundamentals (243d)
602,WAB.N,WAB.N,,,327,0.348,,0.0,-0.4514208104252355,0.18377974339190306,-0.7236496192040093,0.5257028955098617,-0.01634031818070102,2,285.93,48296679626.43,31.188727651025637,3.275068331690899,21.91439590808133,0.1050080775444265,0.4973074851911686,2025-12-31,243,-0.40868298322304353,stale fundamentals (243d)
442,ORLY.OQ,ORLY.OQ,,,328,0.346,,0.0,-0.45429939706913597,-0.2689965034646111,-0.5337149228996466,-0.10092573958542972,0.007790102262306596,2,88.8,71835718329.59999,30.2538292150016,-100.59650279029857,23.91128141335885,-3.325083316739853,-7.882214234062398,2025-12-31,243,-0.48220587865185927,stale fundamentals (243d)
199,EME.N,EME.N,,,329,0.344,,0.0,-0.45435718290119204,-0.01738994331515098,-0.6416288570094953,0.2472901318567875,-0.00591991835213055,2,734.54,32400486680.539997,21.517082138720646,7.454470709558991,17.46440703313013,0.34644431161716127,0.0017278434292956016,2025-12-31,243,-0.27302971774637314,stale fundamentals (243d)
388,MMM.N,MMM.N,,,330,0.342,,0.0,-0.45714723481859937,-0.04990401609933477,-0.6316800428411414,0.20229163824853358,-0.004655962511187038,2,171.83,88616582913.11,26.12236580710769,18.055654800744364,15.639988590487647,0.6911952360697575,2.6801361122926415,2025-12-31,243,-0.4243105580549487,stale fundamentals (243d)
349,LH.N,LH.N,,,331,0.34,,0.0,-0.45719985969381494,-0.0720722056303354,-0.6222545685781633,0.17161153423515585,-0.0034584948485334153,2,332.66,26978726000.000004,23.52805019965773,2.3924378755887608,17.329267906608628,0.10168449383976426,0.6557344717974894,2025-12-31,243,-0.06961432160278394,stale fundamentals (243d)
41,AMZN.OQ,AMZN.OQ,,,332,0.338,,0.0,-0.45807957365711927,-0.06614978543610976,-0.6260494828946948,0.1798079847082843,-0.003940623073575323,2,259.77,2801960676598.44,31.890426419466976,6.025639302786664,28.87453637130805,0.1889482198679041,0.21722841886319683,2025-12-31,243,-0.6021393852115722,stale fundamentals (243d)
369,MA.N,MA.N,,,333,0.336,,0.0,-0.4585252119862602,-0.1779918783887786,-0.578753783528038,0.025021909820965416,0.0020681006249883495,2,589.31,516241417741.39996,34.09718866916088,65.9644203179527,27.127535103002973,1.9345999741501874,2.455732195941579,2025-12-31,243,-0.7709604440632987,stale fundamentals (243d)
370,MAA.N,MAA.N,,,334,0.334,,0.0,-0.45999283514900374,-0.27595674634516915,-0.5388654446363614,-0.11055850527589217,0.00713574970099985,2,128.85,14949429159.449999,37.24289403784663,2.9286369147317566,35.596066969672506,0.07863612617632894,0.9511052912830029,2025-12-31,243,-0.5885680376135812,stale fundamentals (243d)
203,EOG.N,EOG.N,,,335,0.332,,0.0,-0.4601093073940963,-0.032476765882748795,-0.6433803966132452,0.22641042560211155,-0.006142444240677705,2,144.96,76035749352.96,11.441418467785141,1.9099072828602555,8.937665423319565,0.16692923943284282,0.2660141454094459,2025-12-31,243,0.6439658555145504,stale fundamentals (243d)
148,CTVA.N,CTVA.N,,,336,0.33,,0.0,-0.4605434160232026,-0.12851371351265162,-0.6028418599562959,0.09349819394276171,-0.000992190218058702,2,84.63,56464797480.0,41.18380794332724,1.8660986534956925,14.752271876742025,0.045311464546056994,0.10685884691848907,2025-12-31,243,-0.1092471758762492,stale fundamentals (243d)
432,NWSA.OQ,NWSA.OQ,,,337,0.328,,0.0,-0.4608171027662583,-0.23898134333304918,-0.5558895710947765,-0.059385665529010256,0.004972904591024794,2,30.71,11080095033.04,9.500400151898305,1.2776922930521997,13.607925804999999,0.13448826077045817,0.22361522680647367,2025-06-30,427,0.7771117695802199,stale fundamentals (427d)
538,TDG.N,TDG.N,,,338,0.326,,0.0,-0.461917444513424,-0.3209826686744426,-0.5223180627301304,-0.17287302033489538,0.009238026380288174,2,1171.74,64769715403.5,35.81041592849566,-7.667850777999174,24.78863861081531,-0.2141234771835639,-3.0988023952095807,2025-09-30,335,-0.5824241683418748,stale fundamentals (335d)
444,OXY.N,OXY.N,,,339,0.324,,0.0,-0.46209916925842615,0.009908917629293515,-0.6643883493531632,0.28507092997072747,-0.008811418062336478,2,60.18,60158176986.78,17.416961756698193,1.1242674431392572,16.901626288576033,0.06455014708331021,0.6215241161125603,2025-12-31,243,0.36358162826084184,stale fundamentals (243d)
51,APTV.N,APTV.N,,,340,0.322,,0.0,-0.4622789648619547,-0.19626740537572276,-0.5762839189274827,-0.00027086693352085245,0.002381886744156363,2,44.76,9293667895.56,83.12204366701759,1.4896423596239712,9.510794814426612,0.017921146953405017,0.820136852394917,2025-12-31,243,0.45652101425628167,stale fundamentals (243d)
128,COP.N,COP.N,,,341,0.32,,0.0,-0.4629136782191661,-0.018104034202724027,-0.6535463827976413,0.2463018516602875,-0.007433990891291699,2,132.49,159165202592.71002,14.35753336004006,1.7784666131158218,11.961549747142362,0.12386992727216338,0.36354614108269884,2025-12-31,243,0.37435736947400555,stale fundamentals (243d)
166,DGX.N,DGX.N,,,342,0.318,,0.0,-0.46574833865155096,0.07919709310457558,-0.6992963808327481,0.3809636697682688,-0.013246339605529974,2,240.3,26522718408.0,19.242237903225806,2.6622454672245466,15.119503331314355,0.13835425383542538,0.8192468619246862,2025-12-31,243,0.0005325514195934841,stale fundamentals (243d)
298,ICE.N,ICE.N,,,343,0.316,,0.0,-0.46659755239015077,-0.3254585564858479,-0.5270856934919949,-0.17906751372886842,0.008632318539439267,2,160.7,90216094060.9,27.85705086775264,3.193709964606717,22.38459396893864,0.11464637731281742,0.6793705689088945,2025-12-31,243,-0.4259280098752156,stale fundamentals (243d)
610,WELL.N,WELL.N,,,344,0.314,,0.0,-0.46906951673357666,0.09950094681211084,-0.7127425725388714,0.4090635893737229,-0.014954622849925181,2,236.24,170268787224.24002,137.9936534538798,3.0686020581113977,442.3995958567374,0.02223726947802701,0.468494687499006,2025-12-31,243,-0.929260702924796,stale fundamentals (243d)
632,YUM.N,YUM.N,,,345,0.312,,0.0,-0.4694350623549889,-0.16515191806491605,-0.5998421241935916,0.0427920266684807,-0.0006110861513431327,2,153.31,41838465341.35,26.942475927594614,-5.734241634282594,20.268165402676694,-0.21283276450511945,-1.625938566552901,2025-12-31,243,-0.3841982430274779,stale fundamentals (243d)
548,TKO.N,TKO.N,,,346,0.31,,0.0,-0.47031938418541663,-0.13579025100486797,-0.6136890126913661,0.08342768607353546,-0.0023702762718428153,2,182.61,34562542290.93,208.65556922360454,10.909223382095645,46.49401611228446,0.052283403806034225,1.0714251503927483,2025-12-31,243,-0.9825164445942206,stale fundamentals (243d)
106,CF.N,CF.N,,,347,0.308,,0.0,-0.471161634516343,0.05780676585117806,-0.697862377530995,0.3513601036269429,-0.013064155395581754,2,130.03,19678497043.9,8.29077592230928,2.4934020188011576,6.548683654933562,0.30074410913600663,0.6645307978503514,2025-12-31,243,1.1266573193539378,stale fundamentals (243d)
404,MSI.N,MSI.N,,,348,0.306,,0.0,-0.4722456463790384,-0.1966019215022095,-0.5903786713262508,-0.0007338271378448669,0.0005912065364846289,2,485.3,80314135316.40001,29.63967587435469,26.491228976497926,24.548036931190317,0.8937759336099586,3.801659751037344,2025-12-31,243,-0.6649965633179218,stale fundamentals (243d)
81,BMY.N,BMY.N,,,349,0.304,,0.0,-0.4728184523169614,0.10769229962725302,-0.7216087745787676,0.4204001739886909,-0.016081037281401717,2,66.81,136473766167.36,15.566844099288346,5.9442710050549445,9.159789409116065,0.38185459860336707,2.4419964272181023,2025-12-31,243,0.2054356800063515,stale fundamentals (243d)
364,LVS.N,LVS.N,,,350,0.302,,0.0,-0.4738347765696576,-0.2517266112725688,-0.56902399026841,-0.0770247309797999,0.003304230762065225,2,43.81,28375788871.04,27.049535192888754,27.678989785427675,19.50851346128222,1.0232704402515724,9.927044025157233,2025-12-31,243,-0.5390099467342263,stale fundamentals (243d)
75,BIIB.OQ,BIIB.OQ,,,351,0.3,,0.0,-0.47439772763488136,0.2393238258517103,-0.7802783934148493,0.6025742261528741,-0.023534770576539174,2,216.65,32010903666.7,19.969164551999384,1.4141652890583236,11.49684256017189,0.0708174488409798,0.3443538845799921,2025-12-31,243,0.3377176151759091,stale fundamentals (243d)
558,TSLA.OQ,TSLA.OQ,,,352,0.298,,0.0,-0.4776682297178334,-0.21380500687914203,-0.5907524680772727,-0.02454237713139429,0.0005437171996868229,2,367.95,1453235963622.3,394.22440584692674,18.209666724901567,310.1801187426768,0.04619111971462313,0.1019759669819935,2025-12-31,243,-1.1672786382276268,stale fundamentals (243d)
274,HCA.N,HCA.N,,,353,0.296,,0.0,-0.4783165918607925,-0.09934652644116186,-0.6407323341834914,0.13386469892412545,-0.005806018821664756,2,414.45,89729046675.0,15.703803678360849,-17.676224349427287,12.789519778854993,-1.1256014600962152,-7.713953874232493,2025-12-31,243,0.315209247497335,stale fundamentals (243d)
340,KO.N,KO.N,,,354,0.294,,0.0,-0.47936118223923563,0.0019357908828550412,-0.6856313135772746,0.27403636363636363,-0.01151024912457776,2,88.67,381507041376.81,22.943882990306708,9.348300362272685,23.118154003335338,0.4074419472162641,1.4141564860580063,2025-12-31,243,-0.531870450146348,stale fundamentals (243d)
504,SBAC.OQ,SBAC.OQ,,,355,0.292,,0.0,-0.4815434967020006,-0.3425062654052471,-0.5411308815434664,-0.2026610274032955,0.006847935277836475,2,189.66,20120670942.6,19.39858924178461,-4.211166038497017,21.45456769121987,-0.21708620075454532,-2.659356644117392,2025-12-31,243,-0.2955299766065306,stale fundamentals (243d)
576,UNP.N,UNP.N,,,356,0.29,,0.0,-0.4824940288572031,0.01834183482653704,-0.6971379704359489,0.29674183238636354,-0.01297212245944381,2,300.67,178620679983.66,19.22246803635192,7.430009034682449,17.042143259072393,0.3865273190014643,1.7227486868468178,2025-12-31,243,-0.3359006708098795,stale fundamentals (243d)
338,KMI.N,KMI.N,,,357,0.288,,0.0,-0.4840092633864208,-0.0885004060139217,-0.6535130594032063,0.14887540164227064,-0.0074297572913546986,2,32.24,71792099349.36,20.012651544862564,1.9626039124927797,19.720927841045725,0.0980681599383865,1.0269879982029395,2025-12-31,243,-0.10058706182742641,stale fundamentals (243d)
457,PG.N,PG.N,,,358,0.286,,0.0,-0.48458000918531,-0.23572547641758448,-0.5912319518000496,-0.0548796441653584,0.0004828007686644177,2,145.12,337066205917.44,23.358422436459247,7.173872183342445,19.62427498555748,0.30712143351534854,0.6634622779358738,2025-06-30,427,-0.44039024510593283,stale fundamentals (427d)
119,CMG.N,CMG.N,,,359,0.284,,0.0,-0.48491614043758147,-0.3040592740823142,-0.5624262260184103,-0.1494515539305301,0.00414244952058639,2,38.03,48123846540.0,31.856705568118997,17.28402635901063,24.91940155890513,0.5425553600340846,0.0,2025-12-31,243,-0.6552089070791391,stale fundamentals (243d)
311,IQV.N,IQV.N,,,360,0.282,,0.0,-0.48500078399122104,-0.032049179119553385,-0.679122900364793,0.227002192753472,-0.010683382047156896,2,261.19,42991874000.0,28.10995294117647,5.878753805935722,23.68672321818977,0.20913424573273873,2.4514839304936182,2025-12-31,243,-0.47992515318048445,stale fundamentals (243d)
316,ITW.N,ITW.N,,,361,0.28,,0.0,-0.4855403148370197,-0.10127621302693392,-0.6502249298984851,0.1311940710371744,-0.007012013988188902,2,275.37,78425376000.0,23.304510763209393,22.155544186046512,19.075101992409866,0.9506976744186046,2.7810852713178296,2025-12-31,243,-0.5004000577871561,stale fundamentals (243d)
300,IEX.N,IEX.N,,,362,0.278,,0.0,-0.4869630823239229,0.09496640676442013,-0.7363614347903557,0.4027879230581932,-0.01795530196544868,2,228.64,16855317021.439999,27.56355265281457,3.3069419346592177,20.844704174363212,0.11997517070142769,0.45209186840471755,2025-12-31,243,-0.3763178506239792,stale fundamentals (243d)
554,TRMB.OQ,TRMB.OQ,,,363,0.276,,0.0,-0.48721005393519456,-0.43873417136511395,-0.5079854321795149,-0.335837539617326,0.01105892802685428,2,59.94,13976800089.119999,42.51344188242852,2.940920081331526,28.75976439308398,0.07265001199410576,0.2385456290051746,2026-01-02,241,-0.5254934888103062,stale fundamentals (241d)
423,NRG.N,NRG.N,,,364,0.274,,0.0,-0.4881621648828527,-0.3361680934232588,-0.5533024812226787,-0.1938891890269525,0.005301583697855986,2,110.12,23148378387.96,35.087466317916665,18.034248006353362,20.31215069447437,0.5139797739440809,9.78167757287329,2025-12-31,243,-0.41600837522084483,stale fundamentals (243d)
551,TPL.N,TPL.N,,,365,0.272,,0.0,-0.4889224019178245,-0.0336562831522396,-0.6840364528173609,0.2247780093660925,-0.011307628637465183,2,374.34,25819982834.219997,41.13299877974806,13.572104610232183,33.43759285160624,0.3299566044991216,0.0,2025-12-31,243,-0.8157095462217769,stale fundamentals (243d)
510,SHW.N,SHW.N,,,366,0.27,,0.0,-0.4895722465745278,-0.17676600825709812,-0.6236320629962835,0.026718477016687725,-0.0036334998376896556,2,338.81,82248889140.31,31.27309130519369,17.468398107428833,23.387577095833866,0.5585759954765892,2.4066937781353976,2025-12-31,243,-0.6199638618160775,stale fundamentals (243d)
372,MAS.N,MAS.N,,,367,0.268,,0.0,-0.490965485478504,-0.1328628785117577,-0.6444380313213953,0.08747908108930469,-0.006276812371826757,2,72.16,14229044948.8,16.2720544551358,-71.24521139816216,12.678745368443396,-4.378378378378378,-15.92972972972973,2025-12-31,243,0.25501305147549075,stale fundamentals (243d)
252,GDDY.N,GDDY.N,,,368,0.266,,0.0,-0.4912420744513485,-0.5538239976983477,-0.4644212502026346,-0.49511837930192826,0.01659357781866101,2,97.88,12396277267.519999,19.106476525714285,77.7227659693166,18.006383485593815,4.0678754067875404,17.574616457461644,2025-12-31,243,-0.41813314477594543,stale fundamentals (243d)
382,META.OQ,META.OQ,,,369,0.264,,0.0,-0.49177126547695266,-0.34002019378622517,-0.556807439058693,-0.1992203794536902,0.004856293248750732,2,572.34,1458039712816.5,27.519518698993185,7.658589972996737,20.63993703379989,0.2782966539773433,0.2758569896383313,2025-12-31,243,-0.5370847925650494,stale fundamentals (243d)
36,AME.N,AME.N,,,370,0.262,,0.0,-0.4918278425394544,0.06943077895361477,-0.7323672517507698,0.3674473862864902,-0.017447857470330775,2,235.17,53915366751.479996,31.931501954292223,4.446712650497432,25.597246854945993,0.13925786068136098,0.21482312279125762,2025-12-31,243,-0.5598183450396478,stale fundamentals (243d)
25,AJG.N,AJG.N,,,371,0.26,,0.0,-0.49184088720395125,-0.28813579320078786,-0.5791430703481641,-0.12741393786733834,0.002018643338745541,2,262.15,67189044999.99999,44.51326575635878,2.8516281051412893,23.575443203797093,0.06406243300030016,0.5561511084430342,2025-12-31,243,-0.48933869162799365,stale fundamentals (243d)
322,JKHY.OQ,JKHY.OQ,,,372,0.258,,0.0,-0.49203095713771255,-0.2765598158787823,-0.5843757319629684,-0.11139313527545425,0.0013538552444266546,2,167.91,11772608009.28,28.786206845932398,6.156870273029502,23.06824366795319,0.21388265240995066,0.0,2025-06-30,427,-0.545788181888142,stale fundamentals (427d)
318,J.N,J.N,,,373,0.256,,0.0,-0.49210366532987276,-0.2291336231273894,-0.60480511198808,-0.045756718528995766,-0.001241613298118933,2,149.05,17444604969.550003,21.782590494860568,2.170905259819097,20.751327681716074,0.07947029326190594,0.6142748022622457,2025-09-26,339,-0.060272349079262225,stale fundamentals (339d)
337,KMB.OQ,KMB.OQ,,,374,0.254,,0.0,-0.49228976288792375,-0.28822984137256463,-0.5797440149659349,-0.1275440976933514,0.0019422958015555443,2,107.95,35901907152.1,16.568723899059872,22.293868841544608,14.893954961552545,1.3455392809587217,4.786950732356858,2025-12-31,243,-0.2046913592629195,stale fundamentals (243d)
99,CCI.N,CCI.N,,,375,0.252,,0.0,-0.49251194213096783,-0.40324088294749505,-0.5307709674953134,-0.28671590165466954,0.008164119664362453,2,76.14,32394177125.46,87.06858108108108,-23.644311926605504,30.199161073825504,-0.27155963302752295,-14.885015290519878,2025-12-31,243,-0.8081105039253783,stale fundamentals (243d)
601,VZ.N,VZ.N,,,376,0.25,,0.0,-0.49251951057441734,-0.1246638482344173,-0.6501719372915603,0.09882629107981233,-0.007005281495862071,2,50.02,207821855604.04,10.001071969255852,1.6442505265173273,10.424305169362993,0.16440742868083477,1.5139766417767566,2025-12-31,243,0.7838113328235259,stale fundamentals (243d)
429,NVR.N,NVR.N,,,377,0.248,,0.0,-0.49281271986779107,-0.3367659757068602,-0.5596898959367616,-0.19471664002934463,0.004490088981020851,2,6315.23,16829203817.8,15.237380007396538,5.282271024448694,11.44397127714263,0.3466653074140417,0.24497544418711217,2025-12-31,243,0.09218596469899688,stale fundamentals (243d)
205,EQIX.OQ,EQIX.OQ,,,378,0.246,,0.0,-0.4937532570275682,0.0054006885252622875,-0.7076763765502099,0.27883167720566093,-0.014310983527401497,2,1046.72,103281627169.92,55.7458016,5.3162497993783555,49.12154308396946,0.09536592257699915,1.5023311669963266,2025-12-31,243,-0.8247345755025508,stale fundamentals (243d)
438,OMC.N,OMC.N,,,379,0.244,,0.0,-0.4946211493383715,-0.13589986708757162,-0.6483588417315714,0.08327598072952513,-0.006774935176747353,2,87.53,24013502491.510002,-466.13295170642203,2.1089712487339987,13.348573476663702,-0.004524398545551147,0.7568198044131564,2025-12-31,243,0.20984513788337314,stale fundamentals (243d)
433,NXPI.OQ,NXPI.OQ,,,380,0.242,,0.0,-0.49585385563085005,-0.1691891129994439,-0.6358530310443099,0.037204670951389573,-0.005186123465480535,2,224.64,56646160047.35999,27.03041102190005,5.432424490379873,19.371330244931904,0.20097454256165473,1.2153937947494033,2025-12-31,243,-0.44293131313152545,stale fundamentals (243d)
78,BKR.OQ,BKR.OQ,,,381,0.24,,0.0,-0.49663041571058414,0.0413428675677528,-0.7271903942584429,0.32857456622007475,-0.01679015905980339,2,63.55,63084437212.049995,17.367843894899536,2.3865339280025486,14.259564124056999,0.1374110650950409,0.3231920993947117,2025-12-31,243,0.11107592973539138,stale fundamentals (243d)
293,HUBB.N,HUBB.N,,,382,0.238,,0.0,-0.4966631904989821,-0.13807733137810113,-0.6503428444079312,0.08026243599122163,-0.007026994540687354,2,453.0,23933154663.0,26.605924710539963,6.133765381304088,21.117051482912526,0.23054133423425766,0.604329634346007,2025-12-31,243,-0.47959834326090445,stale fundamentals (243d)
282,HON.OQ,HON.OQ,,,383,0.236,,0.0,-0.49697768323240576,-0.11820933283871438,-0.6593069762582735,0.10775914522287122,-0.008165850551011508,2,213.53,67676200335.3,27.454888547700016,9.33790045613301,20.899220534139236,0.3401179516685846,2.487054085155351,2025-12-31,243,-0.5159110511024055,stale fundamentals (243d)
424,NSC.N,NSC.N,,,384,0.234,,0.0,-0.49759311303871895,-0.04979878422143281,-0.6895049682461274,0.2024372759856632,-0.012002380986892441,2,342.79,76993504180.67,22.552991373226593,4.1676686315868015,19.477103761960038,0.18479449411462018,1.09905447996398,2025-12-31,243,-0.3608734541516115,stale fundamentals (243d)
614,WMB.N,WMB.N,,,385,0.232,,0.0,-0.49792281076672923,-0.04604674866672854,-0.6915839802381581,0.20762997974341668,-0.01226651089285425,2,75.05,91798718773.59999,28.057456073338425,5.735489966424612,23.314154195011337,0.20441945810884674,2.2925743733895527,2025-12-31,243,-0.5384675564369259,stale fundamentals (243d)
465,PM.N,PM.N,,,386,0.23,,0.0,-0.4996731427233012,-0.06841972201349704,-0.6844960373132173,0.17666646112104578,-0.0113660169537122,2,187.3,291928297124.7,22.00254276873458,-24.9834756193316,19.32917996241906,-1.135481288773264,-4.886431859115469,2025-12-31,243,-0.2945686747518677,stale fundamentals (243d)
314,ISRG.OQ,ISRG.OQ,,,387,0.228,,0.0,-0.5010422266315462,-0.4085474707655788,-0.5406828362883893,-0.2940600587400851,0.006904857581095814,2,376.86,133136361400.68001,70.40889458018208,11.281856088476212,66.83988795778627,0.16023339317773788,0.0,2025-12-31,243,-0.9829867295408976,stale fundamentals (243d)
535,SYK.N,SYK.N,,,388,0.226,,0.0,-0.502396341496839,-0.33088948288766334,-0.5758992809007715,-0.1865837516545542,0.0024307534203535214,2,323.8,124200952294.8,41.408022046383245,5.995113272192686,26.372313015542296,0.1447814451382694,0.7073595004460304,2025-12-31,243,-0.6542303206935275,stale fundamentals (243d)
595,VRTX.OQ,VRTX.OQ,,,389,0.224,,0.0,-0.5029797764320428,-0.1838431954550272,-0.6397525968507638,0.01692386392701839,-0.00568154723104741,2,544.52,138014542336.47998,29.12917130425984,6.169220713818856,24.60154952724479,0.21178840446163572,0.006010993367549207,2025-12-31,243,-0.5879194597677591,stale fundamentals (243d)
392,MOS.N,MOS.N,,,390,0.222,,0.0,-0.5038205875465986,-0.47747686180367216,-0.5151107557221386,-0.3894562517250896,0.010153685034281467,2,24.12,7667642981.52,14.141620688422414,0.6327213552640071,11.1337549804769,0.04474178520302195,0.41819957136591945,2025-12-31,243,1.4396338205376646,stale fundamentals (243d)
308,IP.N,IP.N,,,391,0.22,,0.0,-0.5046968866731559,-0.36852660083186317,-0.5630555806051385,-0.2386723848592206,0.00406249261391805,2,37.93,20086586117.35,-5.915651111100683,1.4028076688898632,133.7573332167249,-0.23713495649828017,0.6630471437242867,2025-12-31,243,-0.04500611338347523,stale fundamentals (243d)
108,CHD.N,CHD.N,,,392,0.218,,0.0,-0.5068246249001177,-0.1745342295642935,-0.6492347943297567,0.02980719124544029,-0.006886221344538856,2,99.78,23668205840.46,27.32750604417752,5.030959585565439,19.350373714465135,0.18409874568987056,0.5509719654190195,2025-12-31,243,-0.4130646098701339,stale fundamentals (243d)
412,NDAQ.OQ,NDAQ.OQ,,,393,0.216,,0.0,-0.5074134733042286,-0.2096210832434192,-0.6350387833302898,-0.018751953328471682,-0.005082676648935879,2,98.61,55120758652.92,31.018336916828858,4.535927570727897,26.517806008757713,0.14623374499059458,0.7364030424470435,2025-12-31,243,-0.5684302940703123,stale fundamentals (243d)
93,CARR.N,CARR.N,,,394,0.214,,0.0,-0.5074434266568765,-0.26377187709233896,-0.611874090755964,-0.09369501466275665,-0.002139697919258361,2,58.22,47992204818.54,29.77203294237197,3.200644515102869,25.896762314600092,0.1075050709939148,0.8572152999130687,2025-12-31,243,-0.39601013565271403,stale fundamentals (243d)
193,EFX.N,EFX.N,,,395,0.212,,0.0,-0.507834813686984,-0.4034168214817373,-0.552585381774947,-0.28695939526622327,0.005392688227517493,2,189.16,22223442927.36,39.564428290171136,5.673911778120453,27.261978866474543,0.14340942162760897,1.1062050691744674,2025-12-31,243,-0.6365853370225245,stale fundamentals (243d)
623,WYNN.OQ,WYNN.OQ,,,396,0.21,,0.0,-0.5085231489016083,-0.2634920696050418,-0.6135364686001369,-0.09330776956085085,-0.002350896173687614,2,91.28,9399456770.48,38.22166062208631,-45.41420098612664,20.708111040635416,-1.1881796930582376,-38.65219679700318,2025-12-31,243,-0.36931254363120175,stale fundamentals (243d)
572,UHS.N,UHS.N,,,397,0.208,,0.0,-0.5088656284339954,-0.182969189109196,-0.6485355310017666,0.018133462282398538,-0.0067973828203877025,2,170.33,10038656599.95,9.149965205253105,1.8722953594220397,9.215067388018646,0.2046232217743443,0.6532005038076955,2025-12-31,243,1.0034067971771108,stale fundamentals (243d)
44,AON.N,AON.N,,,398,0.206,,0.0,-0.5091845902866827,-0.1854775159015031,-0.6479161935946169,0.014662013845894162,-0.006718698555103933,2,321.52,68202569539.67999,20.485185385656294,8.093751069289992,19.0933781230317,0.3951026518391788,1.6305603079555175,2025-12-31,243,-0.3998381588456649,stale fundamentals (243d)
110,CHTR.OQ,CHTR.OQ,,,399,0.204,,0.0,-0.509953649136239,-0.5443529892281507,-0.495211074811134,-0.4820107899531959,0.012681857487274207,2,152.44,17466193032.92,5.300648899639062,1.6465887668182384,9.259936750543355,0.3106390930609194,6.049644948299489,2025-12-31,243,1.8120911566419564,stale fundamentals (243d)
301,IFF.N,IFF.N,,,400,0.202,,0.0,-0.5101835171572962,-0.12106729084994103,-0.6769476141461627,0.10380381775114955,-0.010407020897452508,2,86.33,22027096305.79,-47.80702210750693,1.219325630974283,20.69718664960889,-0.0255051575526353,0.42574537233290943,2025-12-31,243,0.2845011497440751,stale fundamentals (243d)
142,CSGP.OQ,CSGP.OQ,,,401,0.2,,0.0,-0.511595847284205,-0.7027264024969925,-0.4296827521930104,-0.7011948051948051,0.02100696083314482,2,32.07,12994686647.16,4071.1206381199995,3.4194677785985115,4916.974077806666,0.00083993280537557,0.12047036237101032,2025-12-31,243,-0.9756509409023608,stale fundamentals (243d)
207,ERIE.OQ,ERIE.OQ,,,402,0.198,,0.0,-0.5117432515273186,-0.42365951395469903,-0.549493424772727,-0.3149746695723544,0.005785508622669054,2,255.56,13363198666.08,26.79769844940867,6.564360749574971,20.899644529437353,0.24495987078770276,0.0,2025-12-31,243,-0.4799442150352561,stale fundamentals (243d)
570,UBER.N,UBER.N,,,403,0.196,,0.0,-0.5125343056956313,-0.3385388481602667,-0.5871037874965018,-0.19717024189867638,0.0010072670312307548,2,75.65,154519673153.65002,16.88844329369442,6.278596221719241,29.187149625143086,0.3717687955327096,0.3972856033430716,2025-12-31,243,-0.4108496420334825,stale fundamentals (243d)
217,EXE.OQ,EXE.OQ,,,404,0.194,,0.0,-0.5160320419706824,-0.2666565841871749,-0.6229072381636143,-0.09768736205738404,-0.0035414138297081912,2,98.16,22724411928.239998,14.515456896448597,1.4212302774593606,12.11439108933282,0.09791150823554742,0.26961998062224135,2025-12-31,243,0.45453854751753886,stale fundamentals (243d)
403,MSFT.OQ,MSFT.OQ,,,405,0.192,,0.0,-0.5179601040924362,-0.26438002212877215,-0.6266372820768638,-0.0945366690047541,-0.004015300537344577,2,507.29,3766904972129.39,36.305106880839524,10.763457573504235,29.459297926441323,0.29647227341409604,0.26005374418814614,2025-06-30,427,-0.7429291439841169,stale fundamentals (427d)
352,LIN.OQ,LIN.OQ,,,406,0.19,,0.0,-0.5183653957996218,-0.17724172524277473,-0.6645612546096992,0.026060099092722444,-0.008833384962635386,2,489.58,225686668201.53998,28.863779974296897,5.205970826583867,21.984199947804544,0.18036344620211792,0.7112825205909269,2025-12-31,243,-0.5113123174521446,stale fundamentals (243d)
31,ALLE.N,ALLE.N,,,407,0.188,,0.0,-0.5184703429051772,-0.22860043941800798,-0.6427003015425355,-0.04501880839703909,-0.006056040964621475,2,155.25,13201961026.5,21.27680577300404,6.625076202679435,17.844420164648305,0.3113755078351712,0.9576804023989166,2025-12-31,243,-0.3476816433911986,stale fundamentals (243d)
189,EBAY.OQ,EBAY.OQ,,,408,0.186,,0.0,-0.5185735069917595,0.14350129556948454,-0.8023198509465784,0.46995874161939155,-0.026335046922915734,2,103.56,46084200000.0,19.38414574101428,8.530704225352112,16.112928022361984,0.4400866738894908,1.4617551462621885,2025-12-31,243,-0.30132408591014714,stale fundamentals (243d)
299,IDXX.OQ,IDXX.OQ,,,409,0.184,,0.0,-0.5188963581616497,-0.21251616349233302,-0.6502021558770712,-0.022758656854690695,-0.007009120642620184,2,556.69,43856659466.04,50.989764904612144,33.650425029354366,40.19339927882908,0.6599446985547996,0.5281213268111099,2025-12-31,243,-0.9104961051258911,stale fundamentals (243d)
14,ADP.OQ,ADP.OQ,,,410,0.182,,0.0,-0.5189493418334257,-0.2994338494730132,-0.6130274099878882,-0.14305010612980007,-0.002286222374836181,2,286.16,113680704819.92001,30.638164570924328,20.199502262443435,24.63749608533058,0.6592921784098255,1.413251454427925,2025-06-30,427,-0.669596334479583,stale fundamentals (427d)
191,ECL.N,ECL.N,,,411,0.18,,0.0,-0.5190138885336183,-0.15625445882911204,-0.6744822155498353,0.05510584121916917,-0.010093802165717222,2,283.2,79389060369.59999,35.82338775561765,7.609921769513243,27.546969390154093,0.2124288696933721,0.8429504237114668,2025-12-31,243,-0.6587542680231527,stale fundamentals (243d)
540,TECH.OQ,TECH.OQ,,,412,0.178,,0.0,-0.5196588386958255,-0.016026627965581654,-0.735501214723073,0.24917691907814943,-0.017846014550874433,2,72.31,11339526789.78,109.88661209468665,4.203483270733705,31.51538673676599,0.038252915351614125,0.18032028217518375,2025-06-30,427,-0.7596333490231708,stale fundamentals (427d)
223,FAST.OQ,FAST.OQ,,,413,0.176,,0.0,-0.5220892764983949,-0.17583193621334348,-0.6704852794777028,0.02801120448179284,-0.00958600790915954,2,49.31,56583105324.630005,36.61120978344724,11.682611418878691,27.90151983541101,0.3190993001318592,0.031696926665990464,2025-12-31,243,-0.7104929146203578,stale fundamentals (243d)
98,CBRE.N,CBRE.N,,,414,0.174,,0.0,-0.5221875764725729,-0.24455757796783967,-0.64117186154603,-0.06710300565546168,-0.005861858961779383,2,145.81,42222974201.38,41.35693862370786,5.389724936655778,28.40407040185204,0.1303221446271683,0.8810542915070962,2025-12-31,243,-0.4916274320343093,stale fundamentals (243d)
201,EMR.N,EMR.N,,,415,0.172,,0.0,-0.5239892127989535,-0.1774709597934027,-0.6724970355156181,0.025742845405997583,-0.009841593223313341,2,152.44,85031032000.0,32.197167030091585,3.6400800709989154,23.8923066776587,0.1130559116457943,0.6466817868060349,2025-09-30,335,-0.481771691547624,stale fundamentals (335d)
375,MCD.N,MCD.N,,,416,0.17,,0.0,-0.5262752584129478,-0.2745367411999911,-0.6341631943613578,-0.108593261091532,-0.004971436678742482,2,263.54,186491849079.74002,25.41816349299311,-121.52748966527079,20.972953693973864,-4.781127861529872,-23.632049134561697,2025-12-31,243,-0.40381966376118994,stale fundamentals (243d)
524,SPGI.N,SPGI.N,,,417,0.168,,0.0,-0.5265821422963605,-0.32414105995436043,-0.6133426061572176,-0.17724413836631236,-0.0023262667492234567,2,435.84,128485632000.0,33.0341365572212,4.744936053822598,24.431488306843338,0.1436373566357182,0.4204709737526906,2025-12-31,243,-0.5777156956132672,stale fundamentals (243d)
65,BALL.N,BALL.N,,,418,0.166,,0.0,-0.5274701782761368,-0.11136472062763322,-0.7058010886969242,0.11723188156309172,-0.01407273593371837,2,62.97,16668370390.289999,15.56500287241228,2.6185727023870133,15.257037855856115,0.16823464305478694,1.2934882862940418,2025-12-31,243,0.17546044405901887,stale fundamentals (243d)
312,IR.N,IR.N,,,419,0.164,,0.0,-0.5287364388703213,-0.21612405215443703,-0.6627131760342718,-0.027751865671641895,-0.008598594195574497,2,77.05,29895356004.45,53.293189202923976,3.0708894331483276,23.649163770300827,0.057622549505441135,0.47421158001149677,2025-12-31,243,-0.5255355223747972,stale fundamentals (243d)
526,STE.N,STE.N,,,420,0.162,,0.0,-0.5292404773536765,-0.19881354890679334,-0.6708520181166264,-0.003794652593012593,-0.009632600541901801,2,232.64,22682425590.399998,27.645558120069026,3.0106242158987135,21.09304334974483,0.10890082966757615,0.26890417061083577,2026-03-31,153,-0.35496561809111965,
350,LHX.N,LHX.N,,,421,0.16,,0.0,-0.5298256423450135,-0.18832207517189348,-0.6761843139906364,0.010725229826353377,-0.010310046758259165,2,266.25,49579641510.0,32.53542562704156,2.127416319977618,24.787835160925233,0.08179271708683473,0.5661319073083779,2026-01-02,241,-0.2863090689174092,stale fundamentals (241d)
34,AMCR.N,AMCR.N,,,422,0.158,,0.0,-0.5302137612577505,-0.23807565051982593,-0.6554158087168611,-0.05813221406086033,-0.0076714937504088225,2,45.89,21217043714.1,207.3004316857143,9.032274948107094,80.39418659839251,0.04357094133697135,1.2020804911323328,2025-06-30,427,-1.0269322972280595,stale fundamentals (427d)
478,PTC.OQ,PTC.OQ,,,423,0.156,,0.0,-0.530677129558065,-0.4290988834358658,-0.5742106636104362,-0.3225025924645697,0.002645285288284734,2,155.74,16898765088.140001,33.1340792483893,6.356209930477241,25.3371455922981,0.1918330031997562,0.31295408612500714,2025-09-30,335,-0.6268929387316873,stale fundamentals (335d)
498,ROP.OQ,ROP.OQ,,,424,0.154,,0.0,-0.531384982705091,-0.40586422352389545,-0.5851795937827463,-0.29034652569069774,0.0012517279129451234,2,424.64,41997267135.36,30.886453166699212,2.386684002716093,25.387786525901404,0.07727284158639941,0.4678218444282373,2025-12-31,243,-0.4014502398741191,stale fundamentals (243d)
587,VLTO.N,VLTO.N,,,425,0.152,,0.0,-0.5334226075347396,-0.2753769593177962,-0.6440135996277153,-0.1097560975609756,-0.006222890074231255,2,98.57,24030709918.079998,26.356499025638296,7.979101154299516,21.494212281989036,0.3027375201288245,0.8608695652173913,2025-12-31,243,-0.5179744343365358,stale fundamentals (243d)
500,RSG.N,RSG.N,,,426,0.15,,0.0,-0.5338404992690263,-0.26199986872189707,-0.6503436266463675,-0.09124260865812073,-0.007027093920857072,2,220.92,67648571099.759995,30.51633473585788,5.454080882352941,23.34382474837182,0.17872660427807488,1.1347760695187166,2025-12-31,243,-0.5289135449929203,stale fundamentals (243d)
541,TEL.N,TEL.N,,,427,0.148,,0.0,-0.5360108752508453,-0.19953275606076853,-0.680215783475164,-0.004790013547513072,-0.010822228342549164,2,205.25,59422590047.0,20.30410365217801,3.3573576292667306,16.05970787286515,0.1463647199046484,0.45244338498212155,2025-09-26,339,-0.14679515243694902,stale fundamentals (339d)
613,WM.N,WM.N,,,428,0.146,,0.0,-0.5361983699387823,-0.21459326757100175,-0.6740291280964026,-0.02563330609436143,-0.010036239271935742,2,218.92,87505648081.28,32.686085589073116,8.86025222975075,24.185135614328196,0.2710710710710711,2.292992992992993,2025-12-31,243,-0.6001607529912474,stale fundamentals (243d)
346,LDOS.N,LDOS.N,,,429,0.144,,0.0,-0.5371103902819274,-0.3999854592097035,-0.5958782178843091,-0.282210493635517,-0.00010748819003961272,2,140.21,17595262623.89,73.84601604301507,3.4980616978243275,14.882762820706603,0.29454841334418225,0.9454841334418226,2026-01-02,241,-0.20796713616180668,stale fundamentals (241d)
292,HSY.N,HSY.N,,,430,0.142,,0.0,-0.5376228195552086,-0.24880094145952225,-0.66140362445336,-0.07297569242175506,-0.008432221063892603,2,176.21,35405110019.97,41.780311892163,7.958772092858144,28.066745416112706,0.19049096888984743,1.165270286299671,2025-12-31,243,-0.6702036839894099,stale fundamentals (243d)
245,FSLR.OQ,FSLR.OQ,,,431,0.14,,0.0,-0.537756839495105,-0.06739622032382082,-0.7393399619970838,0.17808295651203032,-0.018333711572528114,2,201.9,21698150197.2,18.34315242455156,2.939039427542042,17.890650980058417,0.1602254268796381,0.056238141504192755,2025-12-31,243,-0.18183455066243354,stale fundamentals (243d)
588,VMC.N,VMC.N,,,432,0.138,,0.0,-0.5385449025271563,-0.2071973557121752,-0.6805509940192911,-0.015397587711258542,-0.01086481546077507,2,269.58,34931836459.619995,35.0017430334355,4.420637496815288,27.53651743099385,0.1262976387373755,0.5129441296876283,2025-12-31,243,-0.5841266599969481,stale fundamentals (243d)
378,MCO.N,MCO.N,,,433,0.136,,0.0,-0.5404825376648071,-0.24433438728539267,-0.6674031735416991,-0.06679411649955136,-0.00919443905137445,2,504.64,87394051765.76,36.87510166734445,22.36701406018747,28.211980069324092,0.6065614208189443,1.7252096694622594,2025-12-31,243,-0.7690865481510043,stale fundamentals (243d)
619,WST.N,WST.N,,,434,0.134,,0.0,-0.5409486560677815,0.06994813855569222,-0.8027615680492702,0.36816339633241024,-0.026391165260492875,2,341.11,24005876175.82,40.12574437917764,6.237430730478589,31.72421553090333,0.15544710327455918,0.06545969773299748,2025-12-31,243,-0.7079395876222996,stale fundamentals (243d)
254,GEHC.OQ,GEHC.OQ,,,435,0.132,,0.0,-0.5410736134520455,-0.23258291192381303,-0.6732839141070024,-0.050530429927414966,-0.009941562905615486,2,71.23,32173611729.960003,17.936427321333973,3.6014562614567875,16.021795451912162,0.2007900568455535,0.9678196358030638,2025-12-31,243,-0.08033417680628248,stale fundamentals (243d)
39,AMT.N,AMT.N,,,436,0.13,,0.0,-0.5425917678134957,-0.31854051202289735,-0.6386137345808951,-0.169493149372425,-0.005536859472921472,2,175.7,81869180433.59999,32.49357683340976,22.503080794006845,24.400335642352726,0.692539356605065,10.190362765229295,2025-12-31,243,-0.6924810151305542,stale fundamentals (243d)
117,CMCSA.OQ,CMCSA.OQ,,,437,0.128,,0.0,-0.5431709722167669,-0.35001924055506256,-0.6259502857860688,-0.21305875784149497,-0.003928020489716501,2,26.62,94464705573.26001,5.102304806669575,1.052980243171237,9.491942168033729,0.2063734494644095,1.0210005985428683,2025-12-31,243,1.8655000166277829,stale fundamentals (243d)
137,CRH.N,CRH.N,,,438,0.126,,0.0,-0.544163269245277,-0.20737571099205082,-0.6885007942109455,-0.015644426025694047,-0.01187480481393211,2,94.29,62729676542.19,22.244331449400477,3.477877684119313,19.10012698282923,0.15634894184302617,0.7576653891018164,2025-12-31,243,-0.24721694873441036,stale fundamentals (243d)
297,IBM.N,IBM.N,,,439,0.124,,0.0,-0.5478530939572545,-0.2977119326284807,-0.6550564488124432,-0.14066702528240982,-0.00762583855547767,2,233.87,220336969789.30002,26.140286571871226,8.480960436464867,32.739922092298606,0.3244402242166302,1.8764358133979198,2025-12-31,243,-0.6311750544833229,stale fundamentals (243d)
634,ZBRA.OQ,ZBRA.OQ,,,440,0.122,,0.0,-0.5486404963841884,-0.2799162861487839,-0.6638080150565047,-0.11603838863985072,-0.008737688981508479,2,353.55,16726683843.0,28.74023662940334,3.356231646521739,18.18019893465,0.11677814938684504,0.697324414715719,2025-12-31,243,-0.2913890763904973,stale fundamentals (243d)
420,NOC.N,NOC.N,,,441,0.12,,0.0,-0.5496612868341089,-0.2343308292077818,-0.6848029115311063,-0.052949494596812086,-0.0114050040584638,2,539.7,76671415132.20001,19.361123861965567,4.855956578549838,20.320416226768973,0.250809643756747,0.9413458078445484,2025-12-31,243,-0.266853798147602,stale fundamentals (243d)
58,AVY.N,AVY.N,,,442,0.118,,0.0,-0.5497207696852013,-0.1904514975706791,-0.7036933148771395,0.0077781736135851265,-0.01380495195606817,2,174.11,13195473403.62,20.433846309186045,6.2702315957004595,15.831452447695321,0.3068551804112216,1.6649123589491994,2025-12-31,243,-0.19164787168583844,stale fundamentals (243d)
176,DOV.N,DOV.N,,,443,0.116,,0.0,-0.5516405144476331,-0.1072487009116865,-0.7420941488201815,0.12292832839424883,-0.0186836196583759,2,194.23,26158940101.75,24.477945418755418,3.6160770218303178,20.74997657935697,0.14772796327340523,0.4507127823317812,2025-12-31,243,-0.3514003714650402,stale fundamentals (243d)
376,MCHP.OQ,MCHP.OQ,,,444,0.114,,0.0,-0.5517901825156089,-0.1549529434423684,-0.7218632849755691,0.0569070991606202,-0.016113371778475875,2,73.45,39883988353.950005,152.0120084407826,5.435414766087308,76.36685908150245,0.03575648280579566,0.8544866612772838,2026-03-31,153,-0.9565355622462118,
577,UPS.N,UPS.N,,,445,0.112,,0.0,-0.5524604429315964,-0.05484195958075906,-0.7657255072248123,0.19545767377838952,-0.02168588635865988,2,104.23,88676964291.86,15.11169974874372,5.189030073334532,12.507723242119848,0.3433783200838087,1.4868429161274321,2025-12-31,243,0.18250327628016966,stale fundamentals (243d)
561,TTD.OQ,TTD.OQ,,,446,0.11,,0.0,-0.5555318007031993,-0.7677980696685827,-0.4645605425751779,-0.7912520249942143,0.016575881296754406,2,13.72,6446756261.68,41.410095896540525,7.389038662320061,31.149850677847894,0.178435681018004,0.0,2025-12-31,243,-0.7272955666709459,stale fundamentals (243d)
187,DXCM.OQ,DXCM.OQ,,,447,0.108,,0.0,-0.5561303546795766,-0.2415865854608521,-0.6909348272018871,-0.06299124185942062,-0.01218403867476107,2,91.06,34362471260.9,30.53829487026187,9.300501092498179,26.523550459622417,0.3045520757465404,0.4714857975236708,2025-12-31,243,-0.6414281240073865,stale fundamentals (243d)
104,CEG.OQ,CEG.OQ,,,448,0.106,,0.0,-0.5561753977331779,-0.36876430573197333,-0.6364944371622656,-0.23900136125351168,-0.00526761146952686,2,274.77,97353038527.82999,47.57340084588184,7.599553389929048,37.20446416014967,0.15974374870841082,0.6194117241854378,2025-12-31,243,-0.7709757861857459,stale fundamentals (243d)
387,MLM.N,MLM.N,,,449,0.104,,0.0,-0.5567457066719399,-0.25909403656833235,-0.6843107081449147,-0.08722102482096927,-0.011342471646622403,2,518.7,36837753443.4,33.0262494814248,3.7431066248385165,29.31150418219959,0.11333732057416268,0.5607057416267942,2025-12-31,243,-0.56916272025508,stale fundamentals (243d)
257,GILD.OQ,GILD.OQ,,,450,0.102,,0.0,-0.5601619831121503,-0.09879442507623551,-0.7578909365561137,0.13462879051934484,-0.02069053644153256,2,146.34,181455037382.7,17.894361566042303,6.707823844904413,15.051555709785967,0.37485684080697734,1.0984054268346402,2025-12-31,243,-0.23825065806963702,stale fundamentals (243d)
114,CL.N,CL.N,,,451,0.1,SHORT,-0.02,-0.5602395302073605,-0.14975379449140233,-0.7361619883713426,0.0641025641025641,-0.017929963119833418,2,89.82,71602063500.78,29.87582163078799,1179.54169846,16.570330956273693,39.48148148148148,147.92592592592592,2025-12-31,243,-0.5094636071025455,stale fundamentals (243d)
537,T.N,T.N,,,452,0.098,SHORT,-0.02,-0.56270056365397,-0.30773991852323546,-0.6719694115671421,-0.15454545454545454,-0.009774560775002139,2,25.89,177408264478.5,7.962991778938642,1.5815327415617195,12.210327083338179,0.19861036975383092,1.2313064876552813,2025-12-31,243,0.8577526957672698,stale fundamentals (243d)
329,KDP.OQ,KDP.OQ,,,453,0.096,SHORT,-0.02,-0.5634827255176639,-0.2537567759478142,-0.6962224181904566,-0.0798344175044352,-0.012855805319652427,2,31.86,43355917570.68,18.305037468951422,1.491463117179417,14.840197227650702,0.0814782881329362,0.669775826932121,2025-12-31,243,0.21402062792644716,stale fundamentals (243d)
168,DHR.N,DHR.N,,,454,0.094,SHORT,-0.02,-0.5639127080841183,-0.22798628106410004,-0.7078811768069834,-0.0441688318054807,-0.014337002556041019,2,213.56,150129701692.24,44.77685334809076,3.0803583964670436,33.489696767001114,0.0687935432291467,0.35059199756348197,2025-12-31,243,-0.6151990296667204,stale fundamentals (243d)
637,ZTS.N,ZTS.N,,,455,0.092,SHORT,-0.02,-0.5648611070659755,-0.5433429036383961,-0.5740831942492238,-0.48061286203884146,0.0026614797453244697,2,77.1,31859539714.199997,20.743741184242424,16.646058296451514,17.807018273186085,0.8024617232062444,2.7166016211347945,2025-12-31,243,-0.43885569440569233,stale fundamentals (243d)
455,PFE.N,PFE.N,,,456,0.09,SHORT,-0.02,-0.5699948447705874,-0.15965543573231883,-0.745854591501274,0.05039899202015974,-0.019161368404193146,2,28.46,162212710342.94,18.220607212972972,1.6371492442388638,10.42163003963236,0.08985151949673897,0.7492830380683658,2025-12-31,243,0.3785643762472872,stale fundamentals (243d)
266,GPN.N,GPN.N,,,457,0.088,SHORT,-0.02,-0.5704545082731395,-0.1726488475486586,-0.7409426485836313,0.03241650294695475,-0.01853732629866424,2,91.05,24093504409.5,13.08471896847884,0.800392901059284,18.162367675070588,0.061170049046329146,0.9527516707212756,2025-12-31,243,0.7091671637023185,stale fundamentals (243d)
79,BLDR.N,BLDR.N,,,458,0.086,SHORT,-0.02,-0.5717935289288965,-0.5379565805990137,-0.5862950782131319,-0.47315835381809535,0.00111001021298523,2,66.4,7144404744.8,26.144569840463788,2.614300197759734,20.119471597759567,0.09999400310322176,1.0204758411222148,2025-12-31,243,-0.016459483088515137,stale fundamentals (243d)
531,SW.N,SW.N,,,459,0.084,SHORT,-0.02,-0.5719541306529788,-0.21727855461043838,-0.7239579489569248,-0.02934966216216217,-0.016379490205179457,2,46.9,24600124385.2,28.89520242291846,1.102075980445245,15.09810955272,0.038140448518579145,0.7515141594368964,2025-12-31,243,0.5255019801163763,stale fundamentals (243d)
471,PPG.N,PPG.N,,,460,0.082,SHORT,-0.02,-0.5725947998191533,-0.16703331131771912,-0.7464068663197679,0.040188235294117636,-0.019231532643953695,2,112.17,24935391000.0,14.58884771573604,2.8953562523611636,13.772738181818182,0.19846366956302733,0.9202871174914998,2025-12-31,243,0.16886920239156894,stale fundamentals (243d)
560,TT.N,TT.N,,,461,0.08,SHORT,-0.02,-0.5743912842057031,-0.1566980431089409,-0.7534026732471727,0.054491933988503494,-0.020120321084301996,2,444.4,97778299858.79999,29.56925250352909,10.059308601827677,22.639553851486628,0.34019488996643044,0.5379406005221932,2025-12-31,243,-0.5769467146240735,stale fundamentals (243d)
630,XYL.N,XYL.N,,,462,0.078,SHORT,-0.02,-0.5743935034872018,-0.2714811907572791,-0.7042130660857401,-0.10436447166921892,-0.01387098420522182,2,110.11,25709232869.32,34.664,2.889673170731707,25.352840287769784,0.0833623693379791,0.18005226480836237,2025-12-31,243,-0.4537263356831765,stale fundamentals (243d)
490,REGN.OQ,REGN.OQ,,,463,0.076,SHORT,-0.02,-0.574473594181697,0.07499547779574779,-0.8528174821720305,0.3751487612247104,-0.03275056286895154,2,799.08,82269271811.04001,18.007752286994165,2.595366887876917,21.633854622746394,0.14412497720503312,0.0865696854134607,2025-12-31,243,-0.21301901666577355,stale fundamentals (243d)
522,SOLV.N,SOLV.N,,,464,0.074,SHORT,-0.02,-0.57463322235544,-0.07270793261046656,-0.7897440608175715,0.1707317073170731,-0.02473734461196102,2,91.06,15500572762.74,8.835100297789202,2.7227997748781934,14.75445095315004,0.3081798375916023,0.9972271736977619,2025-12-31,243,0.44091575928624893,stale fundamentals (243d)
482,PYPL.OQ,PYPL.OQ,,,465,0.072,SHORT,-0.02,-0.5767166295445435,-0.32563687568504524,-0.6843222383414714,-0.1793143021087361,-0.0113439365105789,2,52.665,45052846929.21,10.263634626409326,2.6515402843601756,10.179737335834897,0.2583432069510255,0.5627962085308027,2025-12-31,243,0.5611514890646744,stale fundamentals (243d)
265,GPC.N,GPC.N,,,466,0.07,SHORT,-0.02,-0.5880557372145384,-0.23799248631919884,-0.7380828447411125,-0.0580171173218208,-0.01817400000574762,2,135.67,18703433367.859997,256.60002460717266,3.825802182893883,14.357461356674888,0.014909593982895285,1.0842778111011304,2025-12-31,243,-0.17809861121628692,stale fundamentals (243d)
633,ZBH.N,ZBH.N,,,467,0.068,SHORT,-0.02,-0.5889588447537892,-0.19134857318180182,-0.7593632468560696,0.006536648092584807,-0.020877587397738973,2,100.04,19081398407.56,25.27011546454906,1.4034419954479944,18.376666491841323,0.055537617048756864,0.5921623601124613,2025-12-31,243,0.05333754744871967,stale fundamentals (243d)
497,ROL.N,ROL.N,,,468,0.066,SHORT,-0.02,-0.5890181594403734,-0.4426493815808881,-0.651747635665867,-0.34125607217210274,-0.00720546748085164,2,36.07,17354914722.28,54.82890090483288,21.013035710783726,39.324902851008446,0.3832474363703967,0.4437318501281724,2025-12-31,243,-0.8898242904491414,stale fundamentals (243d)
379,MDLZ.OQ,MDLZ.OQ,,,469,0.064,SHORT,-0.02,-0.5937683576778285,-0.22703850822735228,-0.7509382931566042,-0.042857142857142705,-0.0198072317495261,2,62.07,79220441097.99,28.339452315120358,2.6882884752829166,21.83120578482061,0.09486028330366128,0.8206904559176407,2025-12-31,243,-0.2715065057379858,stale fundamentals (243d)
211,ETN.N,ETN.N,,,470,0.062,SHORT,-0.02,-0.5942868117990868,-0.14956072905819212,-0.7848837044023276,0.06436976082442514,-0.02411985635897344,2,401.88,156090192000.0,30.26156653620352,6.368560308880308,24.344803935860057,0.21045045045045044,0.5093951093951093,2025-12-31,243,-0.5677242114878924,stale fundamentals (243d)
83,BR.N,BR.N,,,471,0.06,SHORT,-0.02,-0.59476117435755,-0.4676904204900454,-0.649220068872195,-0.37591211285876447,-0.00688435053583937,2,182.38,20795295519.239998,33.899717689100655,10.71854657075063,26.114727003211726,0.3161839478739031,1.2249256148544312,2025-06-30,427,-0.65544252754291,stale fundamentals (427d)
66,BAX.N,BAX.N,,,472,0.058,SHORT,-0.02,-0.5980368710998483,-0.24475749092569607,-0.7494423197459136,-0.06737967914438503,-0.019617174492616712,2,26.0,13441895974.0,-10.265001497962382,1.6028073802496328,19.45524842091734,-0.1561429270680372,1.5460923478544624,2025-12-31,243,0.2912756040628912,stale fundamentals (243d)
215,EW.N,EW.N,,,473,0.056,SHORT,-0.02,-0.5990544415536008,-0.1523584626279475,-0.7904955753788807,0.06049778215869872,-0.024832821439977604,2,90.75,52308300000.0,46.08344201210992,4.78596201845868,30.368699581488446,0.10385426542576863,0.05788170191358861,2025-12-31,243,-0.6919710311802809,stale fundamentals (243d)
495,RMD.N,RMD.N,,,474,0.054,SHORT,-0.02,-0.5999596418708394,-0.3691587711784626,-0.6988743007390009,-0.23954728950403692,-0.01319271606901496,2,240.1,34634978670.6,27.007387571989607,6.338934774095701,22.677672406846273,0.23471114180144,0.11198186820432587,2025-06-30,427,-0.5393571307093726,stale fundamentals (427d)
469,PODD.OQ,PODD.OQ,,,475,0.052,SHORT,-0.02,-0.600148932157107,-0.5180704163826646,-0.6353254389175823,-0.4456365038388037,-0.005119095059991328,2,148.66,10310195223.34,80.92028444969648,13.196543220380148,43.35458970714138,0.1630807814149947,0.6264519535374868,2025-12-31,243,-0.9254505610616214,stale fundamentals (243d)
147,CTSH.OQ,CTSH.OQ,,,476,0.05,SHORT,-0.02,-0.6025212741600583,-0.37472156072278884,-0.7001497227760309,-0.24724602203182378,-0.013354753182794802,2,64.58,29089687017.219997,17.82825112107623,2.647818847818848,12.129546137661556,0.1485181485181485,0.03982683982683983,2025-12-31,243,0.1365777379091391,stale fundamentals (243d)
45,AOS.N,AOS.N,,,477,0.048,SHORT,-0.02,-0.6036533820652372,-0.3052257580814554,-0.7315509352011438,-0.1510659325144712,-0.01734414781674808,2,59.13,8036273921.490001,17.049112537239107,5.011961931022605,12.993721202086192,0.29397201291711517,0.08342303552206674,2025-12-31,243,-0.04957581065335964,stale fundamentals (243d)
422,NOW.N,NOW.N,,,478,0.046,SHORT,-0.02,-0.6047332887876542,-0.5075213768982387,-0.6463955367402608,-0.4310369521627041,-0.006525505368397517,2,147.99,153001237380.0,91.68585294113272,12.362455333315335,77.99318753187079,0.13483492749151496,0.11501079913606911,2025-12-31,243,-1.0190520937482377,stale fundamentals (243d)
60,AXON.OQ,AXON.OQ,,,479,0.044,SHORT,-0.02,-0.6080692453557432,-0.4092295295545202,-0.6932862664134104,-0.2950040074806305,-0.01248277933628457,2,566.56,46025869842.399994,359.51435113737,13.82064372973653,4303.705275556581,0.03844253695579367,0.55840671449163,2025-12-31,243,-1.154508465024396,stale fundamentals (243d)
233,FIS.N,FIS.N,,,480,0.042,SHORT,-0.02,-0.6106305395263176,-0.5174778921767861,-0.650553102676117,-0.44481646825396826,-0.007053706987184281,2,40.77,21025330236.09,90.09518789382197,2.4761753921461973,19.402925561862745,0.027483991654075834,0.9412187927189006,2025-12-31,243,-0.43735524244324053,stale fundamentals (243d)
631,XYZ.N,XYZ.N,,,481,0.04,SHORT,-0.02,-0.6107645754735505,-0.16208095650843646,-0.803057555030028,0.04704214460626366,-0.026428769186633342,2,82.02,49277205900.0,30.015453786507113,1.7649417387045865,14.807240962345233,0.05880110130128978,0.3897402563596078,2025-12-31,243,0.03394356406523358,stale fundamentals (243d)
8,ABT.N,ABT.N,,,482,0.038,SHORT,-0.02,-0.6125632200860645,-0.3245079098504865,-0.7360154959013121,-0.17775184753014395,-0.017911351855212723,2,110.36,190965100546.56,33.39412419368946,4.1792301216119405,27.088294159580986,0.12514866679455233,0.24801457893727272,2025-12-31,243,-0.5621820502031507,stale fundamentals (243d)
28,ALGN.OQ,ALGN.OQ,,,483,0.036,SHORT,-0.02,-0.6132818219363624,-0.31820785719004524,-0.7397420925419269,-0.16903276514221155,-0.01838480060106711,2,159.79,11351457951.08,27.302874171745653,2.7669436844970066,17.81737552181816,0.10134257906665281,0.0,2025-12-31,243,-0.24508573274783493,stale fundamentals (243d)
351,LII.N,LII.N,,,484,0.034,SHORT,-0.02,-0.6137711925225663,-0.4304688067754887,-0.6923293578427424,-0.3243985249443606,-0.012361208045809364,2,382.64,13224296682.0,20.968312185405807,14.526924562806293,17.354466551822323,0.6928037142120196,1.1937064740778953,2025-12-31,243,-0.39054693010767083,stale fundamentals (243d)
126,COIN.OQ,COIN.OQ,,,485,0.032,SHORT,-0.02,-0.6196194798461221,-0.6386650016809615,-0.6114571133454766,-0.6125357634841582,-0.002086722657623299,2,188.12,49633001954.76,48.057712831669875,4.094382178451541,37.87611614567951,0.08519719181794595,0.5177241919824825,2025-12-31,243,-0.7197868950791855,stale fundamentals (243d)
86,BSX.N,BSX.N,,,486,0.03,SHORT,-0.02,-0.6238970290378512,-0.6023589219419234,-0.6331276463646774,-0.5622892469089547,-0.004839874573266138,2,48.3,69997786105.8,48.775310013336785,5.832990072159864,34.05100254482951,0.11958899021994801,0.47191845830066437,2025-12-31,243,-0.7493558675616436,stale fundamentals (243d)
550,TMUS.OQ,TMUS.OQ,,,487,0.028,SHORT,-0.02,-0.6425285948155274,-0.40205996468423555,-0.7455865791575096,-0.2850815464856362,-0.01912731854039898,2,180.44,193552865849.72,20.44679779925764,3.7962806176957895,16.118186977129774,0.18566626691215288,1.5553941523233885,2025-12-31,243,-0.1819680123301663,stale fundamentals (243d)
476,PSKY.OQ,PSKY.OQ,,,488,0.026,SHORT,-0.02,-0.6449378999890107,-0.48618189857159877,-0.7129761863107589,-0.40150375939849625,-0.014984302516919191,2,10.91,12240428448.89,-23.9085346215781,1.2697511331565894,12.719857206604194,-0.053108697511331564,1.1680492602411698,2025-12-31,243,0.988975905835729,stale fundamentals (243d)
115,CLX.N,CLX.N,,,489,0.024,SHORT,-0.02,-0.6480362799756317,-0.37158633057974577,-0.7665148297167257,-0.24290695831352038,-0.021786166528452944,2,97.68,11812540568.400002,18.27032658825926,46.10269326009346,13.366484981859566,2.5233644859813085,7.862928348909658,2025-06-30,427,-0.20886410596218516,stale fundamentals (427d)
196,EL.N,EL.N,,,490,0.022,SHORT,-0.02,-0.6490529144512043,-0.27136719508348595,-0.810918222751655,-0.104206705103566,-0.027427434626789066,2,102.3,37011993404.1,-25.655745793468668,7.5208175896507115,31.749528781849914,-0.293143596377749,1.893143596377749,2025-06-30,427,-0.6138722539629955,stale fundamentals (427d)
101,CDNS.OQ,CDNS.OQ,,,491,0.02,SHORT,-0.02,-0.6490874581596557,-0.25646184213858625,-0.8173555793115427,-0.08357814731962376,-0.028245274249322907,2,338.78,93297640540.0,76.7296504065334,15.542889170087726,52.113151657371596,0.20256692279630506,0.45306320708065734,2025-12-31,243,-0.9759237310757388,stale fundamentals (243d)
416,NFLX.OQ,NFLX.OQ,,,492,0.018,SHORT,-0.02,-0.6625596925068599,-0.4810804480758684,-0.7403365115487135,-0.3944435061644993,-0.01846031908627369,2,81.05,337487310739.8,36.049783915620885,14.873667662377635,30.790499213040263,0.41258687422902035,0.5433992418249104,2025-12-31,243,-0.7618446382726083,stale fundamentals (243d)
566,TYL.N,TYL.N,,,493,0.016,SHORT,-0.02,-0.6649713311322641,-0.515320192730359,-0.7291075333045093,-0.44183027746227477,-0.01703372367506018,2,372.22,15243255428.28,61.889263174304425,5.275060805679178,56.173721715449645,0.0852338602064552,0.1619490065461467,2025-12-31,243,-0.8553025257730188,stale fundamentals (243d)
234,FISV.OQ,FISV.OQ,,,494,0.014,SHORT,-0.02,-0.6668558640572935,-0.6419191480191417,-0.6775430280736442,-0.6170394036208733,-0.01048266578323328,2,53.31,28348483896.510002,10.381468749939655,1.4007254671909894,11.4293631537013,0.1349255583126551,1.1242633374689825,2025-12-31,243,0.7215140443585543,stale fundamentals (243d)
315,IT.N,IT.N,,,495,0.012,SHORT,-0.02,-0.6709387571937109,-0.6012344301666948,-0.7008120402052893,-0.5607329842931936,-0.013438897882766457,2,198.11,12510443635.36,24.93533892634844,56.84016073558648,17.928927507325216,2.279502231891669,9.320410868124586,2025-12-31,243,-0.4828161932448378,stale fundamentals (243d)
533,SWKS.OQ,SWKS.OQ,,,496,0.01,SHORT,-0.02,-0.6815739050698307,-0.2877464420308476,-0.8503571035151092,-0.12687508762091682,-0.032437981899830576,2,67.01,10083181121.820002,15.989533852930403,2.583476724260608,14.162902956912058,0.08287158465199493,0.17296902954612564,2025-10-03,332,0.045558936982075596,stale fundamentals (332d)
396,MRNA.OQ,MRNA.OQ,,,497,0.008,SHORT,-0.02,-0.6839453041080759,0.31342802193190217,-1.1113910152680666,0.7051321928460343,-0.06560126466512449,2,140.34,56028764662.26,-4.082614744464919,1.3319235617202312,-4.367998134703557,-0.326242774566474,0.07341040462427746,2025-12-31,243,0.21961686375241074,stale fundamentals (243d)
102,CDW.OQ,CDW.OQ,,,498,0.006,SHORT,-0.02,-0.7026806336770473,-0.3250915008590059,-0.8645045477419223,-0.17855951983994667,-0.03423535638711197,2,151.58,18950141433.08,16.62514203262704,6.8041811488430985,12.654881367206544,0.4092705575380837,2.16023943824105,2025-12-31,243,0.1530341796433107,stale fundamentals (243d)
467,PNR.N,PNR.N,,,499,0.004,SHORT,-0.02,-0.7136368558879382,-0.45185619652298303,-0.8258285670443478,-0.35399802566633765,-0.029321732423522952,2,60.46,9651710457.0,26.000866354909757,4.393509361842241,18.714696679224822,0.16897549881112375,0.4234983976015714,2025-12-31,243,-0.38149970526009774,stale fundamentals (243d)
284,HOOD.OQ,HOOD.OQ,,,500,0.002,SHORT,-0.02,-0.7423830068185898,-0.32914242852641445,-0.9194861118009507,-0.18416588124410926,-0.0412205375213292,2,104.81,94232813033.13,54.13714586255974,11.153199743894968,52.33467541898617,0.20601750547045952,1.2719912472647703,2025-12-31,243,-0.92244734008137,stale fundamentals (243d)
